rank,id,ime,drzava,datum_rojstva,starost,roka,tocke,odigrani_turnirji,zacetek,letni_zasluzek,karierni_zasluzek,letno_razmerje,karierno_razmerje
1,318033,Barty Ashleigh,Australia,24 Apr 1996,23,desna,6540,17,-,5114643,10322723,36/5,220/83
2,319998,Osaka Naomi,Japan,16 Oct 1997,21,desna,6377,18,-,3737161,11366358,22/7,199/126
3,313974,Pliskova Karolina,Czech Republic,21 Mar 1992,27,desna,5685,22,2009,2709138,17083579,30/9,505/281
4,314584,Bertens Kiki,The Netherlands,10 Dec 1991,27,desna,5425,25,2009,2211518,8733642,31/12,402/237
5,311470,Kerber Angelique,Germany,18 Jan 1988,31,leva,4685,20,2003,1171486,28328327,21/10,616/321
6,314206,Kvitova Petra,Czech Republic,08 Mar 1990,29,leva,4555,20,2006,2567349,29909556,28/8,518/225
7,314320,Halep Simona,Romania,27 Sep 1991,27,desna,3963,16,2006,2010346,30155925,27/9,477/206
8,316738,Svitolina Elina,Ukraine,12 Sep 1994,24,desna,3868,18,2010,1133568,14242193,14/10,343/179
9,315683,Stephens Sloane,United States,20 Mar 1993,26,desna,3682,20,-,1166348,14542551,18/10,287/187
10,320760,Sabalenka Aryna,Belarus,05 May 1998,21,desna,3565,26,-,1216095,3365034,20/14,179/102
11,230234,Williams Serena,United States,26 Sep 1981,37,desna,3411,12,1995,623533,88856834,9/3,810/139
12,313987,Sevastova Anastasija,Latvia,13 Apr 1990,29,desna,3296,25,2006,805657,6862600,19/14,406/224
13,319001,Bencic Belinda,Switzerland,10 Mar 1997,22,desna,3073,26,-,1679009,5412142,33/12,249/134
14,313402,Wozniacki Caroline,Denmark,11 Jul 1990,28,desna,2833,18,2005,404171,33896584,9/8,619/255
15,314429,Wang Qiang,China,14 Jan 1992,27,desna,2752,23,-,587416,3621108,14/12,380/241
16,323027,Vondrousova Marketa,Czech Republic,28 Jun 1999,19,leva,2745,14,-,1997604,2961959,28/7,156/54
17,316959,Keys Madison,United States,17 Feb 1995,24,desna,2615,14,2009,906978,10995656,14/8,264/145
18,313381,Goerges Julia,Germany,02 Nov 1988,30,desna,2605,25,2005,476186,9104682,16/12,461/322
19,313907,Konta Johanna,Great Britain,17 May 1991,28,desna,2430,22,-,1264894,8445313,27/11,367/221
20,318425,Kontaveit Anett,Estonia,24 Dec 1995,23,desna,2335,22,-,808651,3586940,16/12,279/148
21,317964,Mertens Elise,Belgium,17 Nov 1995,23,desna,2195,26,2013,1215897,4376143,17/16,271/148
22,318516,Vekic Donna,Croatia,28 Jun 1996,22,desna,2180,22,2012,770029,3282595,23/12,248/179
23,315391,Garcia Caroline,France,16 Oct 1993,25,desna,2105,24,-,552801,9973846,22/14,323/243
24,313711,Martic Petra,Croatia,19 Jan 1991,28,desna,2105,20,2008,1000175,3934680,21/9,326/225
25,325088,Andreescu Bianca,Canada,16 Jun 2000,19,desna,1996,18,2017,1680455,1896343,32/4,121/47
26,326384,Anisimova Amanda,United States,31 Aug 2001,17,desna,1949,17,-,1033619,1394360,21/11,72/34
27,316239,Muguruza Garbiñe,Spain,08 Oct 1993,25,desna,1925,20,2011,854537,19046648,21/10,371/187
28,320942,Kenin Sofia,United States,14 Nov 1998,20,desna,1895,24,-,651911,1533386,25/12,166/100
29,310053,Hsieh Su-Wei,Chinese Taipei,04 Jan 1986,33,desna,1885,24,2001,1048941,7072477,19/14,490/303
30,322082,Kasatkina Daria,Russia,07 May 1997,22,desna,1790,21,2014,418200,5461294,6/11,202/104
31,311338,Navarro Suárez Carla,Spain,03 Sep 1988,30,desna,1732,21,2003,478602,11242525,12/12,503/330
32,318312,Sakkari Maria,Greece,25 Jul 1995,23,desna,1641,26,2015,540274,2236135,20/13,296/200
33,315295,Tsurenko Lesia,Ukraine,30 May 1989,30,desna,1587,19,2007,528252,4371253,12/11,390/264
34,316925,Collins Danielle,United States,13 Dec 1993,25,desna,1572,21,-,1016232,2000583,16/11,128/79
35,319939,Ostapenko Jelena,Latvia,08 Jun 1997,22,desna,1531,25,2012,487372,8021856,10/16,216/130
36,324261,Yastremska Dayana,Ukraine,15 May 2000,19,desna,1504,23,2015,369408,772905,17/11,113/61
37,317790,Sasnovich Aliaksandra,Belarus,22 Mar 1994,25,desna,1490,20,-,469684,2514504,14/11,276/172
38,320301,Siniakova Katerina,Czech Republic,10 May 1996,23,desna,1387,25,-,735777,5035569,14/16,232/152
39,317683,Putintseva Yulia,Kazakhstan,07 Jan 1995,24,desna,1350,24,-,494527,3521893,20/14,268/209
40,312894,Cibulkova Dominika,Slovak Republic,06 May 1989,30,desna,1333,16,2004,236436,13696399,4/9,450/299
41,314610,Giorgi Camila,Italy,30 Dec 1991,27,desna,1332,15,-,195992,3543667,3/6,337/239
42,312001,Azarenka Victoria,Belarus,31 Jul 1989,29,desna,1320,18,2003,607972,29886961,17/13,501/193
43,316286,Zheng Saisai,China,05 Feb 1994,25,desna,1210,27,-,486583,2849431,13/13,297/200
44,230220,Williams Venus,United States,17 Jun 1980,39,desna,1205,13,1994,513548,41444596,14/7,806/240
45,313796,Pavlyuchenkova Anastasia,Russia,03 Jul 1991,27,desna,1185,22,2005,594320,9363400,11/12,407/275
46,322277,Kuzmova Viktoria,Slovak Republic,11 May 1998,21,desna,1185,28,2014,553609,1116589,18/15,237/108
47,312268,Buzarnescu Mihaela,Romania,04 May 1988,31,leva,1160,24,2004,376087,1867122,7/18,411/230
48,315616,Mladenovic Kristina,France,14 May 1993,26,desna,1155,28,-,903679,9905107,18/16,312/272
49,315232,Tomljanovic Ajla,Australia,07 May 1993,26,desna,1150,26,2009,352225,2469220,21/17,290/205
50,190879,Strycova Barbora,Czech Republic,28 Mar 1986,33,desna,1125,23,2003,746395,9818449,13/13,552/392
51,311779,Zhang Shuai,China,21 Jan 1989,30,desna,1120,23,2006,828346,5414244,11/14,453/311
52,319007,Alexandrova Ekaterina,Russia,15 Nov 1994,24,desna,1118,28,-,380834,1227844,18/16,255/153
53,317755,Puig Monica,Puerto Rico,27 Sep 1993,25,desna,1113,21,2010,352351,3172890,14/13,296/199
54,312850,Riske Alison,United States,03 Jul 1990,28,desna,1077,24,-,487430,3578780,21/14,352/277
55,312121,Cornet Alizé,France,22 Jan 1990,29,desna,1070,25,2006,342306,6908984,13/12,424/344
56,317510,Wang Yafan,China,30 Apr 1994,25,desna,1038,25,-,401470,1528783,16/12,224/149
57,317819,Uytvanck Van Alison,Belgium,26 Mar 1994,25,desna,1030,25,-,279672,2385576,16/14,289/195
58,319526,Kudermetova Veronika,Russia,24 Apr 1997,22,desna,971,25,-,442091,793465,29/15,200/134
59,323079,Zidansek Tamara,Slovenia,26 Dec 1997,21,desna,950,26,-,240082,559831,19/13,214/73
60,313968,Hercog Polona,Slovenia,20 Jan 1991,28,desna,929,22,2006,365821,3211655,21/15,396/262
61,317938,Gasparyan Margarita,Russia,01 Sep 1994,24,desna,929,20,-,251452,1244277,12/11,198/111
62,316847,Jabeur Ons,Tunisia,28 Aug 1994,24,desna,885,21,2010,208760,1270100,6/11,261/157
63,326408,Swiatek Iga,Poland,31 May 2001,18,N/A,878,13,-,411026,452408,24/10,87/20
64,318358,Brady Jennifer,United States,12 Apr 1995,24,desna,873,24,-,382150,1709991,24/15,186/136
65,310440,Maria Tatjana,Germany,08 Aug 1987,31,desna,856,31,-,307540,2889550,19/19,522/398
66,317771,Peterson Rebecca,Sweden,06 Aug 1995,23,desna,842,19,-,282502,1040929,15/14,234/130
67,316739,Kozlova Kateryna,Ukraine,20 Feb 1994,25,desna,840,27,2009,325094,1380372,21/13,303/196
68,322191,Muchova Karolina,Czech Republic,21 Aug 1996,22,N/A,838,14,-,243869,503736,20/8,186/89
69,318872,Tormo Sorribes Sara,Spain,08 Oct 1996,22,desna,830,32,-,347089,1263536,25/20,263/174
70,310770,Petkovic Andrea,Germany,09 Sep 1987,31,desna,825,23,2006,324327,7446905,12/15,468/315
71,325601,Potapova Anastasia,Russia,30 Mar 2001,18,desna,815,19,-,227631,494521,10/12,76/46
72,110536,Kanepi Kaia,Estonia,10 Jun 1985,34,desna,805,13,2000,398037,5967427,10/7,484/284
73,312584,Rodina Evgeniya,Russia,04 Feb 1989,30,desna,805,33,2004,206551,2264481,4/18,441/337
74,316956,Pegula Jessica,United States,24 Feb 1994,25,desna,801,21,2012,169904,684142,17/11,230/157
75,315130,Linette Magda,Poland,12 Feb 1992,27,desna,800,28,2009,255120,1975514,18/15,331/251
76,312469,Cirstea Sorana,Romania,07 Apr 1990,29,desna,769,22,2006,273386,5180921,12/12,429/321
77,260142,Zvonareva Vera,Russia,07 Sep 1984,34,desna,769,21,2000,277994,14169545,11/11,534/271
78,315997,Gavrilova Daria,Australia,05 Mar 1994,25,desna,762,23,-,250352,3812903,4/13,253/197
79,316161,Bouchard Eugenie,Canada,25 Feb 1994,25,desna,752,19,-,196995,6285070,6/8,258/184
80,310137,Sharapova Maria,Russia,19 Apr 1987,32,desna,740,12,2001,221604,38563723,7/3,644/165
81,310331,Flipkens Kirsten,Belgium,10 Jan 1986,33,desna,730,25,2003,366860,4823824,9/14,492/361
82,160515,Parmentier Pauline,France,31 Jan 1986,33,desna,724,30,2000,255097,3452507,8/17,462/421
83,316296,Golubic Viktorija,Switzerland,16 Oct 1992,26,desna,723,24,-,202636,1295864,22/13,306/202
84,310926,Siegemund Laura,Germany,04 Mar 1988,31,desna,718,28,2006,288235,2125422,19/17,457/302
85,319696,Sharma Astra,Australia,11 Sep 1995,23,desna,713,22,-,233076,285050,22/11,114/51
86,315030,Diatchenko Vitalia,Russia,02 Aug 1990,28,desna,710,22,-,132143,1135759,29/10,296/156
87,324267,Blinkova Anna,Russia,10 Sep 1998,20,desna,704,29,2015,298885,888522,28/18,149/89
88,312328,Brengle Madison,United States,03 Apr 1990,29,desna,704,30,-,207925,2630750,18/21,460/350
89,315696,Diyas Zarina,Kazakhstan,18 Oct 1993,25,desna,700,23,-,242004,2590869,24/15,294/199
90,318203,Schmiedlova Karolina Anna,Slovak Republic,13 Sep 1994,24,desna,700,27,2011,234947,2212112,13/14,281/195
91,320926,Teichmann Jil,Switzerland,15 Jul 1997,21,leva,698,25,-,83877,378184,21/11,181/116
92,317708,Pera Bernarda,United States,03 Dec 1994,24,leva,689,25,-,201315,941189,20/15,268/144
93,311579,Bacsinszky Timea,Switzerland,08 Jun 1989,30,desna,684,23,2004,209365,6533519,15/13,422/240
94,320735,Bolsova Aliona,Spain,06 Nov 1997,21,N/A,676,22,-,328557,411209,20/12,149/67
95,313975,Pliskova Kristyna,Czech Republic,21 Mar 1992,27,leva,673,28,2009,274249,2432346,21/19,377/309
96,317414,Davis Lauren,United States,09 Oct 1993,25,desna,665,25,2011,196882,2577059,22/11,270/189
97,315365,Barthel Mona,Germany,11 Jul 1990,28,desna,659,25,2008,276706,3611003,9/15,366/268
98,310431,Minella Mandy,Luxembourg,22 Nov 1985,33,desna,650,30,-,178726,1844231,12/17,462/379
99,319969,Ferro Fiona,France,12 Mar 1997,22,desna,649,26,2012,178886,565707,14/16,180/152
100,312336,Voegele Stefanie,Switzerland,10 Mar 1990,29,desna,647,29,2006,157978,2305199,15/16,411/339
101,320360,Jorovic Ivana,Serbia,03 May 1997,22,desna,626,27,-,132103,405398,22/14,211/114
102,110552,Kuznetsova Svetlana,Russia,27 Jun 1985,33,desna,616,12,2000,115278,24657390,5/6,647/325
103,317306,Zhu Lin,China,28 Jan 1994,25,desna,607,28,2012,176493,824732,24/15,281/189
104,311604,Makarova Ekaterina,Russia,07 Jun 1988,31,leva,602,16,2004,145080,13229362,0/3,436/307
105,322730,Lapko Vera,Belarus,29 Sep 1998,20,desna,596,24,-,186207,636504,4/13,147/81
106,320832,Vikhlyantseva Natalia,Russia,16 Feb 1997,22,desna,594,26,-,183175,1045928,20/13,178/117
107,317033,Kumkhum Luksika,Thailand,21 Jul 1993,25,desna,580,20,-,129696,1079714,1/9,317/160
108,316344,Krunic Aleksandra,Serbia,15 Mar 1993,26,desna,579,22,2008,314490,2408960,5/13,297/215
109,314917,Mchale Christina,United States,11 May 1992,27,desna,576,29,2010,135659,3921810,24/15,334/282
110,314237,Doi Misaki,Japan,29 Apr 1991,28,leva,572,29,-,182506,2509013,13/15,323/286
111,324166,Rybakina Elena,Kazakhstan,17 Jun 1999,20,N/A,572,27,-,105830,194968,33/11,116/53
112,326101,Osuigwe Whitney,United States,17 Apr 2002,17,N/A,566,19,-,128865,253333,19/10,71/36
113,310775,Niculescu Monica,Romania,25 Sep 1987,31,desna,556,23,2002,224229,5795239,18/8,505/344
114,313169,Begu Irina-Camelia,Romania,26 Aug 1990,28,desna,554,25,-,395634,5068862,10/15,373/270
115,317317,Bonaventure Ysaline,Belgium,29 Aug 1994,24,leva,549,23,2009,149900,552807,29/14,266/175
116,320983,Bouzkova Marie,Czech Republic,21 Jul 1998,20,desna,547,29,-,121338,353479,26/19,212/110
117,320238,Hibino Nao,Japan,28 Nov 1994,24,desna,545,31,-,127191,1288189,20/18,237/174
118,318314,Krejcikova Barbora,Czech Republic,18 Dec 1995,23,desna,541,15,-,349873,2070137,24/3,242/139
119,324934,Danilovic Olga,Serbia,23 Jan 2001,18,leva,532,24,-,81537,313000,9/16,67/38
120,318609,Townsend Taylor,United States,16 Apr 1996,23,leva,531,16,2012,230798,1639557,17/11,196/121
121,318176,Maia Haddad Beatriz,Brazil,30 May 1996,23,leva,531,23,-,125486,775863,25/14,239/143
122,316981,Watson Heather,Great Britain,19 May 1992,27,desna,531,27,2010,155425,3377588,12/14,287/231
123,120420,Lepchenko Varvara,United States,21 May 1986,33,leva,518,27,2001,135526,4587581,20/15,532/403
124,317070,Babos Timea,Hungary,10 May 1993,26,desna,514,26,2011,706324,6408136,16/18,308/233
125,324702,Juvan Kaja,Slovenia,25 Nov 2000,18,N/A,513,17,-,95371,132574,24/10,106/32
126,320124,Badosa Paula,Spain,15 Nov 1997,21,desna,508,30,-,100210,321155,31/20,191/111
127,319042,Kiick Allie,United States,30 Jun 1995,23,desna,506,25,2015,80091,360557,19/13,188/122
128,319125,Boulter Katie,Great Britain,01 Aug 1996,22,desna,503,17,-,124051,506256,7/8,172/117
129,321454,Minnen Greet,Belgium,14 Aug 1997,21,N/A,498,27,-,69650,125296,34/16,189/83
130,326160,Wang Xiyu,China,28 Mar 2001,18,N/A,494,21,-,83918,137175,21/14,74/41
131,315279,Gibbs Nicole,United States,03 Mar 1993,26,desna,488,22,2013,63945,1714767,19/9,284/206
132,190787,Stosur Samantha,Australia,30 Mar 1984,35,desna,479,22,1999,747745,18531707,9/15,593/430
133,320543,Hon Priscilla,Australia,10 May 1998,21,desna,472,25,-,216300,462984,15/14,146/112
134,315427,Bogdan Ana,Romania,25 Nov 1992,26,desna,468,26,-,115358,1111755,11/13,294/183
135,320567,Kalinina Anhelina,Ukraine,07 Feb 1997,22,desna,452,25,-,62769,354878,19/14,210/107
136,313349,Rus Arantxa,The Netherlands,13 Dec 1990,28,leva,451,32,-,58703,1349334,30/17,451/294
137,317443,Vickery Sachia,United States,11 May 1995,24,desna,446,22,-,147748,1113586,13/13,243/196
138,315296,Arruabarrena Lara,Spain,20 Mar 1992,27,desna,431,24,-,184633,2960507,9/15,329/252
139,318060,Martincova Tereza,Czech Republic,24 Oct 1994,24,desna,428,28,-,66534,409811,23/14,263/227
140,318913,Flink Varvara,Russia,13 Dec 1996,22,N/A,427,25,-,45033,144628,17/11,196/95
141,312580,Rybarikova Magdalena,Slovak Republic,04 Oct 1988,30,desna,423,21,2005,201693,5139167,9/11,425/304
142,313485,Marino Rebecca,Canada,16 Dec 1990,28,desna,422,20,2008,44558,543305,19/12,218/133
143,315294,Jakupovic Dalila,Slovenia,24 Mar 1991,28,desna,413,28,-,224836,788834,8/17,320/291
144,323942,Kalinskaya Anna,Russia,02 Dec 1998,20,desna,411,24,-,111702,453711,25/14,151/84
145,319571,Korpatsch Tamara,Germany,12 May 1995,24,desna,404,28,-,32236,276572,8/14,206/145
146,320228,Sramkova Rebecca,Slovak Republic,19 Oct 1996,22,desna,400,24,2013,43714,254696,18/12,226/134
147,319280,Paolini Jasmine,Italy,04 Jan 1996,23,N/A,395,29,-,101287,300258,25/14,212/143
148,312536,Wickmayer Yanina,Belgium,20 Oct 1989,29,desna,394,19,2004,82777,4990165,17/16,435/295
149,312673,Kucova Kristina,Slovak Republic,23 May 1990,29,desna,392,13,2007,119499,1083150,21/8,357/268
150,314660,Gorgodze Ekaterine,Georgia,03 Dec 1991,27,N/A,392,26,-,41509,242946,13/16,405/271
151,315159,Han Na-Lae,Korea (South),06 Jul 1992,26,N/A,390,19,-,41125,239780,28/9,257/180
152,318487,Smitkova Tereza,Czech Republic,10 Oct 1994,24,desna,387,25,-,63041,955067,18/14,264/187
153,322222,Samsonova Liudmila,Russia,11 Nov 1998,20,N/A,386,26,-,90041,133669,14/15,139/83
154,315265,Perrin Conny,Switzerland,25 Dec 1990,28,desna,381,27,-,71161,397685,20/17,425/303
155,314793,Royg Cepede Veronica,Paraguay,21 Jan 1992,27,desna,375,26,-,39437,1157560,21/15,355/227
156,318839,Paquet Chloe,France,01 Jul 1994,24,desna,375,37,-,100489,393014,21/21,221/218
157,320728,Birrell Kimberly,Australia,29 Apr 1998,21,desna,372,22,2014,156345,287545,8/14,94/93
158,323758,Zhuk Sofya,Russia,01 Dec 1999,19,desna,371,24,-,84522,389657,10/12,123/65
159,311597,Schoofs Bibiane,The Netherlands,13 May 1988,31,desna,371,27,-,53336,309796,17/15,343/199
160,324188,Lorenzo Di Francesca,United States,22 Jul 1997,21,N/A,370,21,-,43916,237185,18/14,105/65
161,318424,Haas Barbara,Austria,19 Mar 1996,23,desna,370,30,-,25238,330291,18/14,274/147
162,310915,Gatto-Monticone Giulia,Italy,18 Nov 1987,31,N/A,368,28,-,84487,301407,26/13,488/358
163,160471,Peng Shuai,China,08 Jan 1986,33,desna,367,12,-,100857,9268238,1/7,474/309
164,325725,Mcnally Catherine,United States,20 Nov 2001,17,desna,363,14,2019,61808,110675,17/9,51/27
165,311593,Larsson Johanna,Sweden,17 Aug 1988,30,desna,362,26,2006,375515,3873019,4/15,434/326
166,316774,Cepelova Jana,Slovak Republic,29 May 1993,26,desna,362,22,2012,31862,1626456,18/12,298/215
167,316266,Trevisan Martina,Italy,03 Nov 1993,25,N/A,360,24,-,62804,263367,15/13,177/93
168,316771,Lao Danielle,United States,28 May 1991,28,N/A,359,25,-,54252,301725,11/14,146/121
169,312889,Glushko Julia,Israel,01 Jan 1990,29,desna,358,18,-,39751,975147,8/10,386/314
170,319489,Dart Harriet,Great Britain,28 Jul 1996,22,N/A,354,20,-,108517,360166,16/10,198/143
171,317164,Raina Ankita,India,11 Jan 1993,26,N/A,351,29,-,51874,245150,23/16,240/200
172,314344,Nara Kurumi,Japan,30 Dec 1991,27,desna,349,25,-,131749,2527135,19/12,315/258
173,326096,Li Ann,United States,26 Jun 2000,18,N/A,346,22,-,24937,68935,27/11,75/45
174,317175,Anderson Robin,United States,12 Apr 1993,26,N/A,344,25,-,39857,150345,23/14,168/106
175,323966,Liu Claire,United States,25 May 2000,19,desna,342,23,-,35513,411675,8/12,88/65
176,317263,Hogenkamp Richel,The Netherlands,16 Apr 1992,27,desna,334,19,-,50649,890563,13/12,369/228
177,320408,Ruse Elena-Gabriela,Romania,06 Nov 1997,21,desna,332,22,-,24047,168345,22/12,159/91
178,317584,Tomova Viktoriya,Bulgaria,25 Feb 1995,24,desna,329,30,-,38699,447812,12/19,312/207
179,318352,Bara Irina,Romania,18 Mar 1995,24,desna,327,25,-,109360,413722,18/17,262/168
180,326482,Kostyuk Marta,Ukraine,28 Jun 2002,16,desna,326,14,-,71574,298303,24/10,67/31
181,312636,Han Xinyun,China,30 May 1990,29,leva,326,27,2006,74938,1041123,14/14,371/291
182,318494,Lottner Antonia,Germany,13 Aug 1996,22,desna,325,23,-,99308,454871,19/13,181/135
183,315083,Ormaechea Paula,Argentina,28 Sep 1992,26,desna,320,19,-,27819,782299,9/9,305/195
184,320396,Xun Ying Fang,China,14 Jan 1995,24,N/A,320,28,-,32579,181407,17/15,200/166
185,322942,Bondar Anna,Hungary,27 May 1997,22,N/A,320,28,-,20425,87108,20/13,200/83
186,324830,Liang En-Shuo,Chinese Taipei,02 Oct 2000,18,N/A,319,23,-,42866,66428,18/18,48/32
187,317684,Kovinic Danka,Montenegro,18 Nov 1994,24,desna,318,30,2010,59959,1409853,17/14,274/217
188,321397,In-Albon Ylena,Switzerland,06 Mar 1999,20,N/A,317,21,-,27769,71023,18/10,145/76
189,315428,Savinykh Valeria,Russia,20 Feb 1991,28,desna,311,27,-,22120,435678,24/14,340/241
190,319421,Ponchet Jessika,France,26 Sep 1996,22,desna,309,26,-,130866,319340,18/14,179/121
191,316159,Ahn Kristie,United States,15 Jun 1992,27,desna,307,27,-,46984,452526,18/15,205/144
192,324219,Aiava Destanee,Australia,10 May 2000,19,desna,307,24,-,98298,328284,18/15,104/67
193,313082,Giuseppe Di Martina,Italy,10 Feb 1991,28,N/A,305,28,-,34547,145554,18/18,299/234
194,319250,Grammatikopoulou Valentini,Greece,09 Feb 1997,22,desna,301,30,-,56475,280063,14/15,266/157
195,319960,Perez Ellen,Australia,10 Oct 1995,23,leva,299,27,-,96538,268081,13/18,121/91
196,319856,Hives Zoe,Australia,24 Oct 1996,22,N/A,295,20,-,110699,171418,8/15,110/67
197,324584,Zavatska Katarina,Ukraine,05 Feb 2000,19,N/A,295,32,-,54895,137600,14/18,130/81
198,314333,Mrdeza Tereza,Croatia,14 Nov 1990,28,desna,295,29,-,41174,369396,10/16,347/234
199,319606,Liu Fangzhou,China,12 Dec 1995,23,desna,292,22,-,32173,420540,12/11,217/147
200,315072,Zhang Kai-Lin,China,28 Jan 1990,29,desna,290,28,-,29011,419499,17/13,263/183
201,313837,Zaja Anna,Germany,25 Jun 1991,27,desna,289,28,-,38885,253324,13/14,302/220
202,313225,Lu Jia-Jing,China,18 Nov 1989,29,desna,287,27,-,31073,305369,12/10,369/252
203,316537,Kerkhove Lesley,The Netherlands,04 Nov 1991,27,desna,285,23,2010,35879,473061,15/14,349/256
204,316588,Shinikova Isabella,Bulgaria,25 Oct 1991,27,desna,281,30,-,19463,257109,17/11,428/259
205,313215,Cadantu Alexandra,Romania,03 May 1990,29,desna,280,24,-,16913,889532,18/13,378/286
206,311810,Karatantcheva Sesil,Bulgaria,08 Aug 1989,29,desna,279,25,-,24816,1345210,12/11,419/300
207,323145,Swan Katie,Great Britain,24 Mar 1999,20,N/A,274,19,-,48911,312534,13/11,111/69
208,321679,Zarycka Anastasia,Czech Republic,08 Jan 1998,21,N/A,269,24,-,22416,74692,9/13,133/69
209,320319,Cristian Jaqueline,Romania,05 Jun 1998,21,N/A,268,26,-,15022,103291,27/10,168/109
210,324394,Shimizu Ayano,Japan,11 Apr 1998,21,N/A,267,25,-,35546,148762,14/15,149/93
211,316808,Eraydin Basak,Turkey,21 Jun 1994,25,N/A,267,18,-,9986,219500,4/4,317/194
212,312413,Rodionova Arina,Australia,15 Dec 1989,29,desna,266,28,-,52856,1176504,15/18,381/345
213,313919,Muhammad Asia,United States,04 Apr 1991,28,desna,260,24,-,114581,776765,6/14,259/228
214,320329,Xu Shilin,China,10 Jan 1998,21,N/A,258,23,-,43284,200224,6/12,132/109
215,316627,Sharipova Sabina,Uzbekistan,04 Sep 1994,24,desna,256,24,-,39240,341973,10/11,286/190
216,328592,Lopatetska Daria,Ukraine,23 Apr 2003,16,N/A,254,12,-,16506,25684,26/6,45/9
217,315806,Kawa Katarzyna,Poland,17 Nov 1992,26,N/A,252,23,-,21613,132409,14/8,275/196
218,312182,Kostova Elitsa,Bulgaria,10 Apr 1990,29,desna,251,31,-,29280,497144,24/16,405/347
219,320592,Bolkvadze Mariam,Georgia,01 Jan 1998,21,N/A,251,24,-,15564,65933,21/11,188/100
220,310047,Ozgen Pemra,Turkey,08 May 1986,33,desna,250,29,-,24687,276105,11/15,469/378
221,317915,Khromacheva Irina,Russia,12 May 1995,24,leva,247,20,-,92898,725710,6/9,275/172
222,319962,Bains Naiktha,Great Britain,17 Dec 1997,21,N/A,247,31,-,58420,182485,23/16,131/136
223,317094,Zanevska Maryna,Belgium,24 Aug 1993,25,desna,245,19,-,27418,800110,22/11,349/209
224,316481,Marcinkevica Diana,Latvia,03 Aug 1992,26,N/A,245,32,-,12130,217177,14/18,374/293
225,315815,Perez Garcia Georgina,Spain,13 May 1992,27,desna,244,24,-,57509,370256,12/14,226/171
226,320277,Frech Magdalena,Poland,15 Dec 1997,21,N/A,243,26,-,46641,323937,18/13,212/142
227,321906,Mcphee Kaylah,Australia,04 Feb 1998,21,N/A,243,25,-,37369,59903,21/16,99/80
228,326376,Wang Xinyu,China,26 Sep 2001,17,N/A,243,14,-,34602,110824,14/7,57/31
229,323231,Stollar Fanny,Hungary,12 Nov 1998,20,desna,240,23,-,53491,277348,2/12,111/90
230,323593,Thandi Karman,India,16 Jun 1998,21,N/A,240,17,-,16493,79134,2/5,129/79
231,324318,Ma Shuyue,China,29 Jun 1999,19,N/A,240,27,-,21623,42040,25/15,91/62
232,315148,Hesse Amandine,France,16 Jan 1993,26,desna,239,30,-,49542,663354,11/15,276/259
233,321280,Serban Raluka,Cyprus,17 Jun 1997,22,N/A,238,22,-,18617,90218,8/10,196/86
234,321158,Bucsa Cristina,Spain,01 Jan 1998,21,N/A,238,22,-,14005,55433,23/11,152/87
235,320218,Chirico Louisa,United States,16 May 1996,23,desna,237,23,-,18796,997336,28/14,194/156
236,321179,Inglis Maddison,Australia,14 Jan 1998,21,desna,236,25,-,33944,107145,30/14,111/79
237,312269,Paar Ioana Laura,Romania,31 May 1988,31,N/A,236,17,-,20545,161974,35/10,426/232
238,317351,Jaksic Jovana,Serbia,30 Sep 1993,25,desna,236,26,2009,17091,408108,21/16,285/198
239,315789,Georges Myrtille,France,21 Dec 1990,28,desna,232,26,2011,31095,489915,15/12,355/298
240,321106,Galfi Dalma,Hungary,13 Aug 1998,20,desna,232,28,-,14773,151131,20/13,155/98
241,313803,Rogowska Olivia,Australia,07 Jun 1991,28,desna,231,25,2007,31974,975701,15/15,377/291
242,319262,Stefkova Barbora,Czech Republic,04 Apr 1995,24,desna,229,19,-,10949,226047,14/8,174/122
243,322214,Sebov Katherine,Canada,05 Jan 1999,20,N/A,227,21,-,21597,87768,5/10,121/80
244,323802,Burrage Jodie,Great Britain,28 May 1999,20,N/A,226,20,-,16978,46456,30/11,107/62
245,315317,Lemoine Quirine,The Netherlands,25 Dec 1991,27,leva,222,20,-,17010,219657,3/10,262/157
246,317286,Deichmann Von Kathinka,Liechtenstein,16 May 1994,25,N/A,219,21,-,34699,251429,14/13,281/159
247,312292,Buyukakcay Cagla,Turkey,28 Sep 1989,29,desna,219,26,-,17135,1002930,21/14,393/330
248,319709,Stojanovic Nina,Serbia,30 Jul 1996,22,desna,219,21,-,15586,320190,12/9,166/111
249,319112,Podoroska Nadia,Argentina,10 Feb 1997,22,desna,218,22,2011,32141,199695,21/12,220/125
250,315366,Ivakhnenko Valentyna,Russia,27 Jun 1993,25,N/A,218,22,-,18718,276531,8/11,290/200
251,318273,Zimmermann Kimberley,Belgium,09 Nov 1995,23,N/A,218,32,-,20452,101337,16/16,218/193
252,317349,Kostic Natalija,Serbia,25 Jul 1994,24,N/A,215,24,-,12165,100880,18/13,289/170
253,321658,Hobgarski Katharina,Germany,18 Jun 1997,22,N/A,215,25,-,7777,97574,8/11,185/100
254,321195,Arconada Maitane Usue,United States,28 Oct 1998,20,N/A,215,18,-,19693,117969,25/9,148/113
255,319433,Benoit Marie,Belgium,16 Mar 1995,24,N/A,214,28,-,10968,101684,18/16,275/171
256,320013,Cabrera Lizette,Australia,19 Dec 1997,21,desna,212,27,-,44327,382725,10/16,130/133
257,310761,Errani Sara,Italy,29 Apr 1987,32,desna,212,14,2002,52090,13189333,11/13,546/380
258,317960,Zhang Yuxuan,China,19 Aug 1994,24,desna,210,22,-,18020,222719,10/10,184/156
259,320421,Abanda Francoise,Canada,05 Feb 1997,22,desna,209,13,-,3521,507615,5/4,156/119
260,311243,Govortsova Olga,Belarus,23 Aug 1988,30,desna,209,16,2002,43135,3135463,24/10,382/298
261,325836,Gracheva Varvara,Russia,02 Aug 2000,18,N/A,208,21,-,13597,28970,37/13,100/43
262,316813,Khazaniuk Deniz,Israel,24 Oct 1994,24,N/A,207,19,-,9283,151403,10/6,309/180
263,315836,Seguel Daniela,Chile,15 Nov 1992,26,N/A,207,24,-,16581,234472,28/13,312/194
264,319411,Loeb Jamie,United States,08 Mar 1995,24,desna,205,26,2015,40130,414422,5/12,166/129
265,317423,Larra Saez Olga,Spain,18 Sep 1994,24,N/A,203,25,-,6045,130520,9/12,352/224
266,311493,Soler-Espinosa Sílvia,Spain,19 Nov 1987,31,desna,202,16,2006,15895,2108331,5/6,418/386
267,319016,Dunne Katy,Great Britain,16 Feb 1995,24,N/A,201,23,-,17293,261063,12/10,187/160
268,322052,Dolehide Caroline,United States,05 Sep 1998,20,desna,198,24,-,46278,483272,12/16,133/88
269,320654,Lumsden Maia,Great Britain,10 Jan 1998,21,N/A,197,21,-,13225,65199,13/15,111/84
270,316554,Plipuech Peangtarn,Thailand,15 Nov 1992,26,N/A,197,21,-,11924,194639,17/14,258/218
271,324125,Kobori Momoko,Japan,22 Aug 1998,20,N/A,196,27,-,13093,71913,19/15,115/80
272,314359,Diaz Parrizas Nuria,Spain,15 Jul 1991,27,N/A,192,22,-,12297,111391,25/12,333/215
273,313131,Radwanska Urszula,Poland,07 Dec 1990,28,desna,191,16,2005,13923,1914964,18/12,350/274
274,312712,Dulgheru Alexandra,Romania,30 May 1989,30,desna,189,11,2005,5017,2277547,2/5,373/247
275,310849,Hradecka Lucie,Czech Republic,21 May 1985,34,desna,188,16,-,143896,5363433,18/10,508/345
276,320716,Zarazua Renata,Mexico,30 Sep 1997,21,desna,186,28,2014,24187,151352,19/15,166/133
277,320016,Tan Harmony,France,11 Sep 1997,21,N/A,185,24,-,67225,227478,14/11,161/142
278,324325,Yuan Yue,China,25 Sep 1998,20,N/A,183,20,-,11649,45167,20/13,99/69
279,322333,Gasanova Anastasia,Russia,15 May 1999,20,desna,183,16,2014,8574,58325,13/9,126/66
280,317108,Albie Audrey,France,24 Oct 1994,24,N/A,181,18,-,63823,138946,16/10,163/123
281,317821,Kuwata Hiroko,Japan,18 Dec 1990,28,desna,180,30,-,14862,295861,10/16,257/211
282,320316,Grabher Julia,Austria,02 Jul 1996,22,N/A,176,20,-,7636,95186,14/10,198/110
283,312520,Lisicki Sabine,Germany,22 Sep 1989,29,desna,174,24,2006,27058,7063203,2/12,325/248
284,317065,Jang Jeong Su,Korea (South),13 Mar 1995,24,desna,173,25,-,7158,317822,10/13,262/193
285,319473,Hibi Mayo,Japan,03 Apr 1996,23,desna,172,22,2013,11471,287185,17/14,241/157
286,319133,Strakhova Valeriya,Ukraine,09 Jun 1995,24,N/A,171,34,-,11557,132690,10/16,230/166
287,327101,Baptiste Hailey,United States,03 Nov 2001,17,N/A,171,8,-,10000,16280,18/3,52/15
288,314492,Duan Yingying,China,03 Jul 1989,29,desna,170,16,-,214436,1698169,7/6,298/195
289,321029,Pieri Jessica,Italy,24 Apr 1997,22,N/A,170,23,-,7615,96869,11/13,142/102
290,321724,Yadlapalli Pranjala,India,30 Mar 1999,20,N/A,170,13,-,3411,41313,6/5,102/59
291,316478,Omae Akiko,Japan,29 Jan 1993,26,N/A,170,18,-,13589,186894,31/16,262/213
292,321282,Rosca Andreea,Romania,20 Mar 1999,20,N/A,165,20,-,4728,58461,2/8,141/70
293,317421,Rogers Shelby,United States,13 Oct 1992,26,desna,164,7,2009,130029,2177669,6/7,208/175
294,322822,Fourlis Jaimee,Australia,17 Sep 1999,19,desna,164,24,-,32035,267006,20/13,94/69
295,315544,Imanishi Miharu,Japan,20 May 1992,27,N/A,163,27,-,13477,183343,24/15,236/195
296,318704,Ozaki Risa,Japan,10 Apr 1994,25,desna,162,26,-,11001,712733,15/17,235/204
297,324479,Jones Francesca,Great Britain,19 Sep 2000,18,N/A,159,21,-,12128,40682,19/11,91/49
298,313949,Grymalska Anastasia,Italy,12 Jul 1990,28,N/A,157,30,-,27871,243093,10/16,446/273
299,315314,Eikeri Ulrikke,Norway,16 Dec 1992,26,N/A,156,28,-,10177,169864,16/12,340/203
300,323095,Muramatsu Chihiro,Japan,22 May 1998,21,N/A,155,24,-,12294,52532,26/15,131/87
301,328560,Gauff Cori,United States,13 Mar 2004,15,N/A,154,10,-,61101,75011,13/10,22/14
302,316606,Jani Reka-Luca,Hungary,31 Jul 1991,27,desna,154,24,2008,12380,278194,14/13,401/225
303,317519,Wagner Stephanie,Germany,17 Sep 1994,24,N/A,154,15,-,9247,20689,23/12,78/52
304,322532,Kratzer Ashley,United States,08 Feb 1999,20,leva,152,18,-,11371,132300,6/10,106/89
305,325936,Rakhimova Kamilla,Russia,28 Aug 2001,17,N/A,152,9,-,18802,23861,38/8,57/19
306,325639,Chwalinska Maja,Poland,11 Oct 2001,17,N/A,152,15,-,6902,27337,18/8,75/36
307,319183,Okamura Kyoka,Japan,06 Oct 1995,23,N/A,152,19,-,13576,96187,21/17,195/146
308,319706,Radanovic Dejana,Serbia,14 May 1996,23,N/A,150,28,-,22898,110796,16/16,211/143
309,316550,Allertova Denisa,Czech Republic,07 Mar 1993,26,desna,149,11,-,32800,1389011,15/10,238/145
310,326481,Lansere Sofya,Russia,29 Sep 2000,18,N/A,149,16,-,11844,29667,18/12,44/33
311,318776,Lee Ya-Hsuan,Chinese Taipei,20 Jul 1995,23,N/A,149,21,-,5600,140388,10/10,197/136
312,314527,Melnikova Marina,Russia,05 Feb 1989,30,desna,144,26,2006,5597,323062,4/10,311/311
313,319393,Chiesa Deborah,Italy,13 Jun 1996,23,desna,143,27,-,10263,184101,12/11,202/159
314,318915,Osaka Mari,Japan,03 Apr 1996,23,N/A,143,20,-,23419,80469,13/11,175/141
315,320869,Gerlach Katharina,Germany,19 Feb 1998,21,N/A,143,21,-,6402,63640,7/10,117/102
316,319731,Danilina Anna,Kazakhstan,20 Aug 1995,23,N/A,143,18,-,13993,62825,7/13,116/86
317,313791,Brodsky Gail,United States,05 Jun 1991,28,N/A,142,12,-,2481,174334,1/3,184/131
318,321193,Halbauer Elizabeth,United States,10 Jul 1997,21,N/A,142,19,-,7518,79738,12/14,159/117
319,321032,Bandecchi Susan,Switzerland,01 Jul 1998,20,N/A,142,16,-,8469,32024,18/10,132/88
320,313806,Piter Katarzyna,Poland,16 Feb 1991,28,desna,140,25,2006,4588,555809,6/8,387/295
321,322382,Alvarez Guerrero Eva,Spain,04 Sep 1999,19,N/A,139,19,-,5666,31110,6/10,110/51
322,313765,Lu Jing-Jing,China,05 May 1989,30,N/A,138,13,-,4798,380786,9/6,271/204
323,324052,Kolodziejova Miriam,Czech Republic,11 Apr 1997,22,N/A,138,16,-,3291,55178,2/6,134/67
324,140195,Namigata Junri,Japan,05 Jul 1982,36,N/A,137,25,-,6777,597172,7/13,449/354
325,319305,Alves Carolina,Brazil,23 Apr 1996,23,desna,137,27,-,8334,73629,14/15,197/153
326,313958,Sanchez Maria,United States,26 Nov 1989,29,desna,136,20,2011,26949,567783,19/11,235/202
327,317148,Ianchuk Olga,Ukraine,29 Mar 1995,24,N/A,136,20,-,3002,139174,3/7,253/188
328,320945,Fett Jana,Croatia,02 Nov 1996,22,desna,134,21,-,22890,410782,11/14,184/121
329,321984,Andrianjafitrimo Tessah,France,11 Oct 1998,20,desna,132,26,-,14062,183747,14/16,142/108
330,317924,Woolcock Belinda,Australia,24 Jan 1995,24,N/A,132,10,-,18301,51165,21/10,76/55
331,324782,Hatouka Yuliya,Belarus,24 Apr 2000,19,N/A,132,11,-,2862,29761,3/8,73/44
332,316464,Bektas Emina,United States,30 Mar 1993,26,N/A,131,22,-,8923,85833,19/14,113/83
333,325898,Serrano Osorio Camila Maria,Colombia,22 Dec 2001,17,N/A,130,9,-,12062,24699,19/9,50/24
334,318417,Doroshina Olga,Russia,24 Jun 1994,24,N/A,129,19,-,17712,125011,4/9,249/157
335,319413,Gleason Quinn,United States,10 Nov 1994,24,N/A,129,19,-,13038,54259,16/10,110/65
336,319909,Manasse Maegan,United States,16 Apr 1995,24,N/A,129,14,-,8586,28859,12/13,53/35
337,315038,Zlochova Zuzana,Slovak Republic,24 Jan 1990,29,N/A,128,19,-,4559,138261,9/11,388/259
338,319454,Talaba Gabriela,Romania,23 Aug 1995,23,N/A,128,14,-,8473,47595,20/17,145/103
339,316674,Ce Gabriela,Brazil,03 Mar 1993,26,N/A,128,17,-,9718,159093,20/12,300/206
340,317536,Witthoeft Carina,Germany,16 Feb 1995,24,desna,127,13,-,11160,1967633,0/1,271/183
341,318559,Lukas Tena,Croatia,10 May 1995,24,N/A,127,19,-,6041,107173,5/12,254/179
342,321034,Taylor Gabriella,Great Britain,07 Mar 1998,21,desna,126,22,-,20244,189148,9/12,115/75
343,322534,Day Kayla,United States,28 Sep 1999,19,leva,126,18,-,9145,386914,11/10,93/79
344,323007,Bjorklund Mirjam,Sweden,29 Jul 1998,20,N/A,126,12,-,14644,40693,32/8,110/57
345,324360,Mateas Maria,United States,21 Jul 1999,19,N/A,124,14,-,912,39373,0/3,85/63
346,322451,You Xiaodi,China,12 May 1996,23,N/A,123,22,-,11007,139692,19/14,151/112
347,317784,Rubini Stefania,Italy,05 Dec 1992,26,N/A,123,20,-,4560,63896,11/12,183/159
348,313778,Reix Sherazad,France,03 Apr 1989,30,N/A,123,20,-,5456,183746,6/10,301/225
349,320862,Yerolymos Margot,France,19 Apr 1997,22,N/A,122,18,-,19451,91587,23/14,187/116
350,314852,Gamiz Andrea,Venezuela,31 Oct 1992,26,N/A,121,24,-,8768,176108,10/15,328/237
351,324786,Reales De Zuleta Maristany Guiomar,Spain,19 Feb 1999,20,N/A,120,21,-,5250,34893,6/13,119/73
352,313941,Broady Naomi,Great Britain,28 Feb 1990,29,desna,119,25,2006,26045,1231477,10/16,390/333
353,317138,Hozumi Eri,Japan,17 Feb 1994,25,desna,118,17,-,47934,818158,13/10,234/205
354,325956,Udvardy Panna,Hungary,28 Sep 1998,20,desna,118,19,-,6468,49247,6/8,81/67
355,319432,Herdzelas Dea,Bosnia-Herzegovina,07 Nov 1996,22,N/A,118,10,-,6097,70622,16/5,198/127
356,319091,Friedsam Anna-Lena,Germany,01 Feb 1994,25,desna,117,7,2011,94320,1237292,7/7,234/134
357,314445,Dabrowski Gabriela,Canada,01 Apr 1992,27,N/A,116,11,2006,332411,2198552,7/5,193/193
358,319157,Ferrando Cristiana,Italy,10 Aug 1995,23,N/A,116,20,-,12270,88521,22/10,201/148
359,10230,Arn Greta,Hungary,13 Apr 1979,40,desna,116,10,1997,5493,1095440,7/7,480/346
360,320621,Komardina Anastasiya,Russia,08 Jul 1997,21,leva,116,13,-,15252,153626,29/11,195/100
361,318480,Bosio Victoria,Argentina,03 Oct 1994,24,N/A,116,11,-,408,73247,1/2,262/141
362,312660,Murray Samantha,Great Britain,09 Oct 1987,31,desna,115,10,-,8693,220605,16/6,204/172
363,319741,Tere-Apisah Abigail,Papua New Guinea,13 Jul 1992,26,N/A,115,14,-,7310,50403,14/6,86/55
364,317900,Harrison Catherine,United States,09 Apr 1994,25,N/A,115,15,-,6664,27579,15/11,85/63
365,327077,Parry Diane,France,01 Sep 2002,16,N/A,114,9,-,128677,157521,10/8,29/25
366,316271,Minokoshi Mai,Japan,16 Apr 1992,27,N/A,114,27,-,7310,104791,5/16,225/231
367,318857,Kaji Haruka,Japan,25 Sep 1994,24,N/A,113,28,-,10091,66014,11/16,139/116
368,316060,Olmos Giuliana,Mexico,04 Mar 1993,26,N/A,111,14,-,29623,113406,6/10,113/67
369,324750,Hontama Mai,Japan,30 Aug 1999,19,N/A,111,22,-,7204,24672,12/15,73/55
370,315261,Ramialison Irina,France,09 Jun 1991,28,N/A,108,14,-,4062,145163,7/7,283/194
371,326735,Fernandez Leylah,Canada,06 Sep 2002,16,N/A,106,9,-,4035,17858,13/7,39/28
372,318488,Maleckova Jesika,Czech Republic,16 Aug 1994,24,N/A,106,14,-,557,123135,0/1,217/145
373,324028,Kung Leonie,Switzerland,21 Oct 2000,18,N/A,106,16,-,8568,43133,17/13,101/66
374,315472,Yashina Ekaterina,Russia,06 Aug 1993,25,N/A,106,26,-,8210,132088,9/16,265/260
375,320497,Fetecau Irina,Romania,17 Apr 1996,23,N/A,106,15,-,5665,50973,17/9,185/120
376,322708,Mihalikova Tereza,Slovak Republic,02 Jun 1998,21,desna,106,22,-,8373,76720,9/13,151/97
377,315735,Simmonds Chanel,South Africa,10 Aug 1992,26,N/A,105,12,-,10548,270370,22/6,370/203
378,322450,Cengiz Berfu,Turkey,18 Oct 1999,19,N/A,104,19,-,7906,51743,10/10,111/71
379,318978,Wallace Isabelle,Australia,07 Sep 1996,22,N/A,103,16,-,31082,153180,10/8,139/111
380,315739,Lee Hua-Chen,Chinese Taipei,14 Sep 1993,25,N/A,103,13,-,7189,65468,12/7,176/96
381,316664,Abduraimova Nigina,Uzbekistan,07 Jul 1994,24,desna,102,11,-,4042,277706,7/6,232/165
382,318907,Bhosale Rutuja,India,27 Mar 1996,23,N/A,100,19,-,4823,42324,8/10,85/64
383,318141,Sanesi Gaia,Italy,01 Apr 1992,27,leva,100,16,-,6192,87203,17/10,233/179
384,320030,Scholsen Helene,Belgium,09 Jan 1996,23,N/A,100,20,-,4463,66866,11/11,215/162
385,327793,Tauson Clara,Denmark,21 Dec 2002,16,N/A,99,3,-,18453,23707,21/3,39/7
386,323485,Salden Lara,Belgium,29 Jan 1999,20,N/A,99,16,-,7301,31739,15/12,85/46
387,319311,Gjorcheska Lina,Macedonia,03 Aug 1994,24,desna,98,18,-,6924,177257,10/9,259/143
388,317914,Myers Abbie,Australia,18 Jul 1994,24,N/A,97,22,-,23260,101512,13/17,149/156
389,312989,Bai Alison,Australia,18 Jan 1990,29,N/A,97,21,-,23063,192670,14/12,259/280
390,316694,Sánchez Sofia Ana,Mexico,13 Apr 1994,25,N/A,97,24,-,12239,149473,24/17,281/206
391,321157,Escorihuela Burillo Irene,Spain,23 Jul 1997,21,N/A,97,19,-,6346,50640,16/13,187/132
392,20702,Bondarenko Kateryna,Ukraine,08 Aug 1986,32,desna,96,5,2000,,3869539,/,440/328
393,327391,Volynets Katie,United States,31 Dec 2001,17,N/A,95,12,-,5386,9157,11/9,35/15
394,318822,Soylu Ipek,Turkey,15 Apr 1996,23,desna,95,15,-,17020,388998,27/10,231/155
395,316405,Kolar Nastja,Slovenia,15 Jul 1994,24,N/A,95,22,-,6061,153877,9/12,293/176
396,316157,Min Grace,United States,06 May 1994,25,desna,94,16,-,2750,651887,4/3,274/197
397,323149,Stefanini Lucrezia,Italy,15 May 1998,21,N/A,94,21,-,7597,44831,11/14,127/110
398,319438,Chong Eudice,"Hong-Kong, China",22 Apr 1996,23,N/A,94,17,-,9836,36514,18/14,71/58
399,311550,King Vania,United States,03 Feb 1989,30,desna,93,5,2006,14110,4436365,0/1,269/250
400,318085,Ayukawa Mana,Japan,14 Sep 1994,24,N/A,93,14,-,5220,79781,9/11,193/179
401,322280,Bronzetti Lucia,Italy,10 Dec 1998,20,N/A,93,19,-,7382,31914,28/18,126/92
402,317711,Poznikhirenko Ganna,Ukraine,08 Apr 1994,25,N/A,92,16,-,7337,83795,13/10,197/131
403,315935,Gervais Julie,France,22 Jul 1991,27,N/A,92,17,-,4692,27307,9/8,108/68
404,323182,Arakawa Haruna,Japan,27 Oct 1999,19,N/A,92,23,-,10374,35701,16/18,86/73
405,318210,Leykina Polina,Russia,20 Sep 1994,24,N/A,91,22,-,2126,135471,1/10,245/199
406,319029,Kan Victoria,Russia,03 Aug 1995,23,N/A,91,9,-,9547,130825,23/6,256/95
407,324128,Ribera Bassols Marina,Spain,13 Dec 1999,19,N/A,91,19,-,9311,41625,16/13,128/68
408,321965,Anshba Amina,Russia,09 Sep 1999,19,N/A,91,21,-,5148,55251,6/8,130/77
409,323087,Guo Hanyu,China,18 May 1998,21,N/A,90,15,-,10276,73722,10/7,112/81
410,318080,Garcia Lazaro Andrea,Spain,04 Nov 1994,24,N/A,90,14,-,6550,29929,15/13,96/52
411,325940,Niemeier Jule,Germany,12 Aug 1999,19,N/A,89,11,-,3376,15815,7/6,45/30
412,320512,Rodriguez Victoria,Mexico,22 Apr 1995,24,N/A,89,16,-,9742,138739,9/13,194/128
413,311988,Elie Jennifer,United States,22 Sep 1986,32,N/A,88,20,-,9898,184369,26/17,390/356
414,319444,Werner Caroline,Germany,08 Apr 1996,23,N/A,88,15,-,3902,38953,18/18,171/139
415,312271,Marand Sanaz,United States,21 Jun 1988,31,N/A,87,16,-,5796,149850,6/9,220/195
416,320834,Hourigan Mary Paige,New Zealand,03 Feb 1997,22,N/A,87,10,-,15995,27035,21/12,64/36
417,313923,Chang Kai-Chen,Chinese Taipei,13 Jan 1991,28,desna,86,9,2007,15170,1016429,16/6,280/227
418,316027,Koelzer Romy,Germany,22 Aug 1991,27,N/A,86,19,-,2930,29072,9/9,104/70
419,311956,Panova Alexandra,Russia,02 Mar 1989,30,desna,85,14,-,46651,1262878,3/3,391/295
420,322811,Hayashi Erina,Japan,21 Jul 1994,24,N/A,85,5,-,8314,29631,15/4,67/39
421,314820,Sekulic Sarah-Rebecca,Germany,03 Jul 1992,26,N/A,84,13,-,3581,71541,8/9,231/178
422,321146,Chang Sophie,United States,28 May 1997,22,N/A,83,23,-,9418,95389,14/14,135/140
423,320824,Potocnik Nina,Slovenia,12 Jan 1997,22,N/A,83,12,-,1727,43814,4/4,138/79
424,316082,Inoue Miyabi,Japan,19 Nov 1991,27,N/A,82,22,-,6297,130940,12/14,234/224
425,325410,Navarro Emma,United States,18 May 2001,18,N/A,81,6,-,11945,18520,3/4,27/19
426,321743,Chang Hanna,United States,25 Feb 1998,21,N/A,80,19,-,8959,40093,18/12,131/80
427,317482,Monova Polina,Russia,06 Apr 1993,26,N/A,78,14,-,3295,183904,6/6,223/155
428,327845,Snigur Daria,Ukraine,27 Mar 2002,17,N/A,78,5,-,8447,13628,16/4,37/8
429,311282,Luangnam Nudnida,Thailand,27 Feb 1987,32,N/A,77,12,-,8539,204564,9/11,415/301
430,323887,Yushchenko Valeriya,Russia,26 Jun 1999,19,N/A,77,8,-,5993,18843,16/8,75/44
431,319465,Silva Eden,Great Britain,14 Mar 1996,23,desna,75,20,-,19468,72109,12/13,140/140
432,317889,Sizikova Yana,Russia,12 Nov 1994,24,desna,75,14,-,12096,132191,3/7,225/165
433,312623,Shapatava Sofia,Georgia,12 Jan 1989,30,N/A,75,19,-,10391,335228,18/16,388/355
434,321846,Rueffer Lena,Germany,23 Aug 1998,20,N/A,74,20,-,3788,45695,1/8,93/94
435,314981,Caregaro Martina,Italy,19 May 1992,27,N/A,74,14,-,4379,116065,7/14,319/251
436,314181,Hsu Chieh-Yu,Chinese Taipei,14 Jan 1992,27,N/A,74,19,-,4716,199122,12/7,323/302
437,326162,Wang Meiling,China,22 Feb 2000,19,N/A,73,11,-,3017,22118,5/8,56/45
438,320039,Tjandramulia Olivia,Australia,11 May 1997,22,N/A,72,24,-,6595,87638,12/16,117/116
439,311832,Sema Erika,Japan,24 Nov 1988,30,N/A,72,17,-,7131,388506,11/15,379/339
440,318410,Heisen Vivian,Germany,27 Dec 1993,25,N/A,72,18,-,5147,58231,11/9,159/124
441,320221,Bhatia Riya,India,24 Sep 1997,21,N/A,71,13,-,3838,42120,12/8,130/109
442,320866,Nefedova Anastasia,United States,11 Jan 1999,20,N/A,71,23,-,5399,42117,14/18,157/160
443,319509,Sun Ziyue,China,06 Jul 1996,22,N/A,70,6,-,6108,35421,19/8,82/63
444,321047,Stefani Luisa,Brazil,09 Aug 1997,21,N/A,69,11,-,21153,55451,11/10,78/54
445,324861,Kilnarova Monika,Czech Republic,08 Oct 1999,19,N/A,69,19,-,5420,43082,8/11,116/72
446,313828,Nabhani Al Fatma,Oman,20 May 1991,28,N/A,68,16,-,21399,240520,8/11,271/222
447,314672,Naydenova Aleksandrina,Bulgaria,29 Feb 1992,27,N/A,68,18,-,5312,215969,11/11,308/258
448,316050,Scholl Chiara,United States,05 Jul 1992,26,N/A,68,18,-,7128,208400,18/14,334/271
449,316009,Papamichail Despina,Greece,09 Feb 1993,26,N/A,67,20,-,11206,137531,30/16,359/260
450,326235,Naito Yuki,Japan,16 Feb 2001,18,N/A,66,5,-,16781,32792,29/9,49/28
451,318390,Sutjiadi Aldila,Indonesia,02 May 1995,24,N/A,66,12,-,8083,27947,11/10,84/47
452,312998,Sabino Lisa,Switzerland,26 Jul 1986,32,N/A,66,17,-,3319,142581,8/13,445/283
453,319240,Dascalu Nicoleta,Romania,19 Dec 1995,23,N/A,65,13,-,5794,70191,16/9,189/118
454,323119,Bulgaru Miriam,Romania,08 Oct 1998,20,N/A,64,14,-,7155,38914,24/15,132/74
455,318418,Frolova Anastasia,Russia,21 Jun 1994,25,N/A,64,6,-,1526,57621,4/3,153/100
456,313355,Sadikovic Amra,Switzerland,06 May 1989,30,desna,64,8,-,,301943,/,314/235
457,319854,Gonzalez Montserrat,Paraguay,01 Jul 1994,24,desna,64,12,-,4689,228481,12/5,217/141
458,312572,Duque-Mariño Mariana,Colombia,12 Aug 1989,29,desna,63,5,2005,,1936260,/,431/284
459,315288,Dinu Cristina,Romania,18 Jan 1993,26,N/A,63,16,-,6396,182457,16/12,349/200
460,325335,Chernyshova Maryna,Ukraine,25 Jun 1999,19,N/A,63,13,-,10304,44341,23/8,126/59
461,319999,Hanatani Nagi,Japan,07 Mar 1995,24,N/A,63,19,-,4519,41516,10/17,142/158
462,320369,Colmegna Martina,Italy,10 Dec 1996,22,N/A,63,20,-,5258,47017,14/13,129/98
463,314563,Moore Tara,Great Britain,06 Aug 1992,26,desna,62,17,-,9695,463844,16/18,340/276
464,319593,Brescia Georgia,Italy,08 Feb 1996,23,N/A,62,15,-,4702,116916,8/10,211/133
465,316222,Cako Jacqueline,United States,30 Aug 1991,27,N/A,62,16,-,6304,230061,5/10,239/225
466,313228,Zhang Ling,"Hong-Kong, China",28 Oct 1989,29,N/A,62,18,-,4009,264123,11/10,378/273
467,319131,Carter Hayley,United States,17 May 1995,24,N/A,62,11,-,10539,29279,2/2,55/37
468,323849,Detiuc Anastasia,Czech Republic,14 Dec 1998,20,N/A,62,14,-,8819,37584,25/11,122/69
469,323171,Boskovic Lea,Croatia,22 Sep 1999,19,N/A,61,20,-,5546,28560,6/13,66/38
470,318181,Cascino Estelle,France,13 Mar 1996,23,N/A,61,10,-,15663,83254,17/7,197/150
471,316942,Cavalle-Reimers Yvonne,Spain,22 May 1992,27,N/A,60,15,-,3705,86319,4/10,270/197
472,317901,Duval Victoria,United States,30 Nov 1995,23,desna,59,8,-,2173,416613,4/1,122/87
473,315301,Lim Alizé,France,13 Jul 1990,28,desna,59,12,2010,13203,488184,13/9,297/270
474,320244,Kim Dabin,Korea (South),02 Jan 1997,22,N/A,59,16,-,5992,45429,14/11,147/114
475,320956,Carrasco Gutierrez Maria,Spain,15 Sep 1997,21,N/A,59,13,-,2856,22021,10/9,110/112
476,318925,Barnett Alicia,Great Britain,18 Oct 1993,25,N/A,59,14,-,5183,27944,6/13,95/95
477,313841,Guarachi Alexa,Chile,17 Nov 1990,28,N/A,58,13,-,33640,140095,2/6,134/119
478,322527,Shibahara Ena,Japan,12 Feb 1998,21,N/A,58,10,-,15602,37714,8/6,42/33
479,321271,Ainitdinova Gozal,Kazakhstan,22 Aug 1998,20,N/A,58,9,-,7455,41729,21/10,116/92
480,314346,Tanaka Yuuki,Japan,07 Mar 1990,29,N/A,58,11,-,4706,91961,17/9,240/202
481,318840,Arcangioli Manon,France,28 Aug 1994,24,desna,58,20,-,8026,203767,8/12,273/219
482,319002,Sugnaux Tess,Switzerland,03 Mar 1995,24,N/A,57,14,-,4449,65603,7/12,258/196
483,320581,Gonzalez Herazo Maria,Colombia,22 Mar 1997,22,N/A,56,18,-,4484,63172,9/12,136/96
484,326271,Subhash Natasha,United States,02 Sep 2001,17,N/A,56,5,-,8537,12127,17/5,37/19
485,320229,Cuk Pia,Slovenia,24 Jul 1996,22,N/A,56,9,-,3610,30357,16/9,153/77
486,317274,Suvrijn Jade,France,27 Apr 1995,24,N/A,56,10,-,441,76725,1/3,217/155
487,311697,Kukharchuk Nika,Russia,08 Feb 1987,32,N/A,54,18,-,4516,64523,7/12,180/190
488,319452,Rosca Loredana Ioana,Romania,20 Sep 1996,22,N/A,54,9,-,8276,56552,19/9,182/99
489,324508,Molinaro Eleonora,Luxembourg,04 Sep 2000,18,N/A,54,9,-,13021,33971,31/9,105/42
490,320922,Laskutova Ksenia,Russia,29 Aug 1996,22,N/A,53,10,-,3095,12688,3/9,63/39
491,313930,Montez Pamela,United States,01 Jan 1991,28,N/A,52,12,-,6456,15999,12/11,49/38
492,314343,Akita Shiho,Japan,18 Jan 1990,29,N/A,52,17,-,3353,113588,12/11,287/211
493,319931,Samir Sandra,Republic of Egypt,04 Nov 1997,21,N/A,52,19,-,3848,76992,6/10,216/120
494,220277,Voracova Renata,Czech Republic,06 Oct 1983,35,desna,51,4,-,29955,1671334,1/4,496/414
495,324595,Vismane Daniela,Latvia,10 Aug 2000,18,N/A,51,8,-,7288,17608,18/12,81/34
496,322270,Noel Mallaurie,France,27 Nov 1994,24,N/A,51,10,-,2652,22152,13/8,109/97
497,320966,Ushijima Risa,Japan,10 May 1996,23,N/A,51,13,-,4241,28832,10/14,133/105
498,220278,Vrljic Ana,Croatia,01 Aug 1984,34,N/A,51,14,-,899,293378,2/2,495/386
499,312582,Sarra Di Federica,Italy,16 May 1990,29,N/A,51,18,-,5616,99111,14/12,268/198
500,320619,Stewart Katerina,United States,17 Jul 1997,21,N/A,50,8,-,3196,140510,7/1,163/78
501,315597,Honcova Michaela,Slovak Republic,22 Dec 1992,26,desna,50,21,-,4239,173535,6/9,292/233
502,317680,Brouleau Lou,France,19 May 1995,24,N/A,50,8,-,11831,81666,33/11,250/162
503,325320,Burel Clara,France,24 Mar 2001,18,N/A,49,4,-,56956,76759,1/3,25/20
504,230283,Webley-Smith Emily,Great Britain,14 Jul 1984,34,N/A,48,15,-,11334,333625,14/15,406/438
505,318924,Grey Beth Sarah,Great Britain,10 Aug 1995,23,N/A,48,16,-,12923,53416,3/9,102/128
506,321120,Matviyenko Lisa,Germany,06 Oct 1997,21,N/A,48,8,-,3667,40100,14/8,177/121
507,322510,Spiteri Dalila,Italy,24 Apr 1997,22,N/A,48,8,-,3875,30996,11/10,133/104
508,325374,Topalova Gergana,Bulgaria,22 Feb 2000,19,N/A,48,10,-,4040,14249,13/10,47/27
509,319436,Dodin Oceane,France,24 Oct 1996,22,desna,47,7,2012,11290,1026252,5/5,198/132
510,317805,Zhao Carol,Canada,20 Jun 1995,24,N/A,47,10,-,,234984,/,144/128
511,10362,Amanmuradova Akgul,Uzbekistan,23 Jun 1984,34,desna,47,11,2000,5151,1515967,4/8,403/348
512,328308,Makarova Ekaterina,Russia,07 Jun 1988,23,leva,47,12,2004,145080,13229362,0/3,436/307
513,322704,Bozovic Alexandra,Australia,15 Feb 1999,20,N/A,46,16,-,18154,41375,7/13,87/78
514,323920,Shaffer Kennedy,United States,21 May 1997,22,N/A,46,9,-,1576,12485,0/5,66/34
515,316026,Kordolaimi Eleni,Greece,07 Mar 1993,26,N/A,46,11,-,1089,55049,2/2,175/104
516,320729,Ghitescu Andreea,Romania,10 Mar 1997,22,N/A,46,12,-,3731,31490,11/12,119/131
517,319937,Awad Cabaj Jacqueline,Sweden,28 Jan 1996,23,N/A,46,13,-,6431,63167,13/14,179/123
518,314419,Goncalves Cristina Paula,Brazil,11 Aug 1990,28,desna,46,14,-,6000,211056,11/7,309/215
519,314095,Carreras Amanda,Great Britain,16 May 1990,29,N/A,45,4,-,8574,130959,32/8,377/232
520,324784,Talbi Shalimar,Belarus,06 Dec 2000,18,N/A,45,8,-,6003,19154,15/11,81/46
521,320768,Shoshyna Anastasiya,Ukraine,30 Nov 1997,21,N/A,45,10,-,3443,45228,7/8,137/76
522,316480,Mishina Daria,Russia,09 Apr 1993,26,N/A,44,14,-,11313,55230,14/14,185/112
523,320561,Arshinkova Petia,Bulgaria,26 Apr 1998,21,N/A,44,11,-,4368,31434,23/11,127/114
524,328366,Raducanu Emma,Great Britain,13 Nov 2002,16,N/A,43,4,-,3040,16925,8/3,30/9
525,319626,Terziyska Julia,Bulgaria,05 Mar 1996,23,N/A,43,12,-,3629,74537,3/9,179/107
526,321519,Meliss Verena,Italy,21 Jul 1997,21,N/A,43,15,-,3009,20407,10/10,96/108
527,314545,Falconi Irina,United States,04 May 1990,29,desna,42,5,2010,,1737080,/,318/247
528,317612,Kato Miyu,Japan,21 Nov 1994,24,desna,42,7,-,55440,680289,3/1,178/158
529,325283,Bencheikh Loudmilla,France,29 May 2001,18,N/A,42,7,-,18586,25373,9/9,21/26
530,316543,Pella Catalina,Argentina,31 Jan 1993,26,N/A,42,4,-,734,147979,4/1,287/166
531,313230,Liu Chang,China,01 Aug 1990,28,N/A,41,13,-,4043,139753,15/11,221/166
532,320863,Christie Freya,Great Britain,08 Nov 1997,21,N/A,40,16,-,7676,83544,7/13,138/120
533,327241,Uchijima Moyuka,Japan,11 Aug 2001,17,N/A,40,12,-,7821,25929,9/11,40/37
534,320759,Shymanovich Iryna,Belarus,30 Jun 1997,21,N/A,40,5,-,4672,47970,12/5,116/40
535,311647,Pereira Teliana,Brazil,20 Jul 1988,30,desna,40,9,-,3092,1059552,13/9,396/233
536,326840,Kruger Zoe,South Africa,31 Jul 2002,16,N/A,39,7,-,4701,13034,4/7,33/32
537,318825,Lister Cornelia,Sweden,26 May 1994,25,desna,39,12,-,16811,111302,5/4,138/134
538,319234,Ho Jessica,United States,05 Jan 1997,22,N/A,39,14,-,4890,25830,16/14,123/90
539,317675,Fanning Emily,New Zealand,13 Jun 1995,24,N/A,39,9,-,3973,12623,13/9,47/40
540,321339,Jundakate Chompoothip,Thailand,03 Nov 1995,23,N/A,38,7,-,2611,17201,11/5,50/69
541,322417,Ma Ye-Xin,China,10 Jun 1999,20,N/A,38,10,-,4683,22906,12/13,76/78
542,311578,Krajicek Michaella,The Netherlands,09 Jan 1989,30,desna,37,6,2003,1447,2080018,0/1,317/200
543,320960,Gai Ao,China,11 Jan 1995,24,N/A,37,12,-,,53982,/,159/115
544,319256,Wu Ching Ho,"Hong-Kong, China",30 Aug 1991,27,N/A,37,12,-,4343,40565,7/13,123/144
545,319456,Partaud Marine,France,09 Nov 1994,24,N/A,37,12,-,1930,63993,4/9,173/145
546,325771,Waltert Simona,Switzerland,13 Dec 2000,18,N/A,37,9,-,13870,29456,31/10,69/39
547,318641,Perper Alexandra,Moldovia,29 Jul 1991,27,N/A,37,10,-,4256,52701,9/11,179/120
548,316772,Skamlova Chantal,Slovak Republic,04 Sep 1993,25,desna,36,10,-,5902,154164,8/8,286/193
549,320679,Gatica Barbara,Chile,16 Aug 1996,22,N/A,36,4,-,7826,50192,19/10,161/102
550,316854,Brito Fernanda,Chile,14 Feb 1992,27,N/A,36,5,-,6148,141004,10/2,376/130
551,322752,Cakarevic Sara,France,12 Mar 1997,22,N/A,36,7,-,3927,65429,10/14,160/97
552,319441,Scala Camilla,Italy,09 Jul 1994,24,N/A,36,8,-,7658,46347,18/8,149/125
553,322735,Pieri Tatiana,Italy,29 Mar 1999,20,N/A,36,11,-,4703,24790,15/13,97/84
554,319205,Elbaba Julia,United States,13 Jun 1994,25,desna,35,13,2016,6823,48010,1/7,87/91
555,314464,Vandeweghe Coco,United States,06 Dec 1991,27,desna,34,9,2008,,7232168,/,281/226
556,321605,Turati Bianca,Italy,17 Jun 1997,22,N/A,34,9,-,652,37950,1/2,139/68
557,324395,Miyamoto Ayumi,Japan,18 Dec 2000,18,N/A,34,6,-,1880,11619,4/6,39/45
558,318112,Moratelli Angelica,Italy,17 Aug 1994,24,N/A,34,18,-,7377,89008,13/13,213/173
559,324361,Branstine Carson,Canada,09 Sep 2000,18,desna,33,12,-,4788,28521,16/9,32/30
560,317155,Pigossi Laura,Brazil,02 Aug 1994,24,N/A,33,11,-,12441,142118,16/10,221/203
561,325668,Jain Mahak,India,24 Jun 2001,17,N/A,33,9,-,1362,12277,2/8,43/33
562,322351,Mendez Seone,Australia,15 May 1999,20,N/A,33,10,-,9455,39336,21/5,119/69
563,320857,Pribylova Anastasia,Russia,12 Feb 1996,23,N/A,33,10,-,4284,73117,17/10,221/135
564,318750,Siedliska Natalia,Poland,09 Dec 1995,23,N/A,33,10,-,3029,41540,7/9,141/121
565,325238,Ueda Ramu,Japan,18 Mar 1998,21,N/A,33,11,-,3401,25321,9/13,92/101
566,324236,Mas Vicens Rosa,Spain,25 Jun 2000,18,N/A,32,5,-,10210,22994,27/10,90/57
567,319846,Adler Lou,France,12 Apr 1996,23,N/A,32,9,-,2894,21145,7/11,88/73
568,321023,Ye Yu Qiu,China,29 Nov 1997,21,N/A,32,9,-,3518,72060,8/6,104/86
569,321329,Zheng Wushuang,China,29 Nov 1998,20,N/A,32,12,-,6307,42014,15/11,100/87
570,320342,Cheapchandej Patcharin,Thailand,13 Dec 1994,24,N/A,32,5,-,534,30314,1/2,104/81
571,325232,Guillermo Lorraine,United States,19 Jul 1997,26,N/A,32,11,-,2662,62333,2/5,127/116
572,325827,Fick Silva Da Gabriella,Australia,23 Jan 2001,18,N/A,31,12,-,4193,11688,8/7,26/20
573,317547,Yang Zhaoxuan,China,14 Apr 2001,24,N/A,31,6,-,6944,19075,19/3,76/45
574,326117,Koval Vlada,Russia,06 Jul 1999,17,N/A,31,7,-,4063,28879,13/16,99/82
575,323084,Kang Jiaqi,China,14 Feb 1999,21,N/A,31,12,-,4384,14946,11/13,70/60
576,327191,Sato Naho,Japan,20 Jan 2001,18,N/A,31,5,-,11325,14683,6/8,22/24
577,324576,Sun Lulu,Switzerland,23 Jan 1997,18,N/A,31,6,-,1655,61096,5/6,160/148
578,323557,Bilardo Federica,Italy,03 Mar 1997,19,N/A,31,9,-,6877,41216,12/7,116/107
579,322709,Wargnier Lucie,France,07 May 1998,20,N/A,31,10,-,7098,37267,16/11,107/69
580,325794,Leonard Manon,France,19 Dec 1987,18,N/A,30,7,-,97454,1012504,2/2,230/195
581,319135,Muntean Victoria,France,08 Jul 1999,22,N/A,30,8,-,5562,33363,14/11,83/82
582,320849,Lu Jiaxi,China,18 Jan 2002,22,N/A,30,9,-,10185,12861,26/6,49/19
583,324710,Kruzhkova Daria,Russia,12 Sep 2002,21,N/A,29,8,-,2080,7337,5/2,30/20
584,315086,Aoyama Shuko,Japan,07 Dec 1988,31,N/A,28,4,-,3923,99486,8/10,286/295
585,321834,Oz Ipek,Turkey,20 Feb 1987,19,desna,28,6,-,1491,505750,1/4,465/301
586,327367,Zakharova Anastasia,Russia,01 Jul 2001,17,N/A,28,3,-,4723,15117,14/12,57/44
586,327517,Chanta Aunchisa,Thailand,05 Jul 1995,16,N/A,28,3,-,2930,58869,14/10,198/139
588,312964,Gabueva Angelina,Russia,28 Jan 1999,30,N/A,28,9,-,4220,50476,6/10,167/109
589,311235,Candela Cabeza Estrella,Spain,26 Mar 1994,32,N/A,28,9,-,12864,134154,22/3,206/121
590,324995,Siskova Anna,Czech Republic,11 Nov 1995,17,N/A,28,9,-,2669,13247,8/6,69/49
591,318229,Kennel Karin,Switzerland,10 May 2000,23,N/A,28,12,-,5417,12054,21/6,83/48
592,321402,Pantuckova Magdalena,Czech Republic,03 Mar 1999,20,N/A,28,12,-,3086,8424,8/11,43/44
593,316607,Zacarias Marcela,Mexico,10 Apr 1996,25,N/A,27,7,-,979,32850,2/5,152/118
594,321495,Miyazaki Yuriko,Japan,12 Sep 1992,23,N/A,27,5,-,1080,96573,4/5,271/213
595,324807,Lee Eunhye,Korea (South),17 Mar 1992,19,N/A,27,5,-,2635,53747,5/11,150/178
596,325868,Hondo Sakura,Japan,11 Oct 1996,20,N/A,27,6,-,6925,45297,18/15,154/134
597,319515,Primorac Iva,Croatia,27 Dec 1997,23,desna,27,8,2014,3324,2057053,0/3,141/96
598,315755,Pirazhenka Sviatlana,Belarus,10 Aug 1986,26,desna,27,10,2004,,5261917,/,359/317
599,317614,Ozeki Michika,Japan,07 Mar 1994,27,N/A,27,12,-,5544,69547,11/9,137/123
600,320703,Ivanova Dasha,United States,22 May 1990,22,desna,27,12,-,7013,223723,19/10,373/251
601,320682,Konjuh Ana,Croatia,16 Jun 1998,21,N/A,26,5,-,9935,63057,9/7,97/72
602,80459,Hlavackova Sestini Andrea,Czech Republic,30 Jun 1995,32,N/A,26,2,-,6931,18316,11/9,53/49
603,319993,Sun Xuliu,China,21 Dec 1999,25,N/A,26,11,-,3101,10004,9/9,61/63
604,312809,Klaffner Melanie,Austria,25 Nov 1992,29,desna,26,8,-,1795,211956,4/5,252/202
605,322489,Neel Ingrid,United States,29 Oct 1993,21,N/A,26,8,-,2983,97139,8/8,226/153
606,321253,Mcadoo Rasheeda,United States,20 Jul 1992,23,desna,26,8,-,119286,924479,2/1,219/164
607,324323,Yang Yidi,China,01 Jan 1991,19,N/A,26,8,-,7092,52122,3/9,112/101
608,317316,Burger Cindy,The Netherlands,15 May 1999,26,N/A,26,10,-,6161,24408,13/8,85/62
609,316605,Bukta Agnes,Hungary,03 Aug 2001,25,N/A,26,11,-,2527,6964,10/10,28/18
610,314704,Kichenok Nadiia,Ukraine,30 Jan 2001,26,N/A,25,1,-,5122,9496,15/9,36/29
611,313105,Gumulya Beatrice,Indonesia,31 Dec 2000,28,N/A,25,6,-,4256,12103,3/9,37/50
612,324363,Markova Johana,Czech Republic,29 Mar 1986,20,desna,25,7,2005,14912,1521129,1/3,408/219
613,326568,Sakatsume Himeno,Japan,10 Sep 2000,17,N/A,25,6,-,6196,95841,7/8,51/49
614,325406,Tubello Alice,France,07 Jan 1999,18,N/A,25,8,-,820,9658,3/3,51/38
615,326007,Parks Alycia,United States,03 Sep 1991,18,N/A,25,9,-,12823,97011,2/3,233/200
616,150185,Oprandi Romina,Switzerland,13 Jan 1999,33,N/A,24,4,-,5922,39367,17/14,113/90
617,324327,Tang Qianhui,China,25 May 1996,18,N/A,24,8,-,7360,45006,18/8,143/100
618,322538,Schaefer Dominique,Peru,05 Jun 2000,20,N/A,24,3,-,1948,11456,7/8,73/60
619,315589,Lechemia Elixane,France,12 Nov 1998,27,N/A,24,5,-,7701,33616,16/16,104/93
620,323244,Kazionova Ekaterina,Russia,03 May 2003,20,N/A,24,6,-,14599,15622,1/3,5/9
621,320481,Lodikova Daria,Russia,21 Aug 1991,23,N/A,24,7,-,8215,125820,13/15,300/185
622,325073,Llorca Cortez Lucia,Spain,19 Oct 1996,19,N/A,24,8,-,1636,6844,4/2,24/9
623,322428,Ferrer Hoste Claudia,Spain,14 Jun 1999,20,N/A,24,10,-,3411,11101,7/6,43/40
624,328142,Jacquemot Elsa,France,07 Jun 1990,16,N/A,23,4,-,3192,30762,5/6,110/69
625,314873,Morgina Anna,Russia,16 Jul 1994,27,N/A,23,15,-,2852,59777,4/9,196/147
626,322720,Fahey Katharine,United States,22 Sep 1996,22,N/A,23,2,-,4752,49491,19/14,203/147
627,325473,Yamaguchi Mei,Japan,04 Dec 1994,20,N/A,23,5,-,1721,30586,4/8,82/144
628,313842,Gilchrist Nadja,United States,19 Aug 1996,29,N/A,23,7,-,12362,94041,2/4,161/146
629,318180,Romeo Caroline,France,08 Jun 2003,24,N/A,23,8,-,718,3853,5/2,17/6
630,318637,Zakarlyuk Marianna,Ukraine,18 Oct 1989,22,N/A,23,14,-,4568,20021,12/10,74/51
631,316926,Coppola Claudia,Italy,20 May 1998,24,N/A,22,7,-,,15716,/,53/57
632,318779,Hsu Ching-Wen,Chinese Taipei,19 Sep 2000,22,N/A,22,3,-,3918,7826,13/12,40/37
633,328649,Ma Connie,United States,05 Sep 1996,16,N/A,22,4,-,7499,17664,11/14,39/38
634,313161,Yudanov Marina,Sweden,06 Dec 1994,29,desna,22,5,-,10289,103813,4/8,167/119
635,322909,Gabric Anna,Germany,22 Mar 1993,21,N/A,22,6,-,292,24028,1/2,98/116
636,325856,Popovic Ivana,Australia,10 Feb 1995,18,N/A,22,7,-,6361,84302,6/9,158/143
637,319587,Morisaki Kanako,Japan,28 Mar 1996,22,N/A,22,8,-,2872,12532,3/11,32/42
638,319369,Celik Susanne,Sweden,06 Aug 1999,24,desna,21,11,2016,9872,44640,17/8,77/38
639,318994,Rodgers Amanda,United States,18 Jan 1994,26,N/A,21,5,-,4157,130633,8/7,217/165
640,317064,Choi Ji-Hee,Korea (South),17 Jan 1999,24,N/A,21,8,-,6005,21348,13/9,73/65
640,320852,Ng Ying Man,"Hong-Kong, China",06 Jun 1997,23,N/A,21,8,-,992,62334,3/1,183/101
642,322087,Masarova Rebeka,Spain,23 May 2000,19,N/A,21,3,-,1132,6599,4/3,33/27
643,317791,Kremen Ilona,Belarus,21 Jan 2001,25,N/A,21,6,-,3776,6898,11/5,18/10
644,324313,Cao Siqi,China,26 Oct 1999,20,N/A,21,7,-,,19393,/,26/14
645,320930,Marfutina Maria,Russia,25 Oct 1994,22,desna,21,7,-,,173025,/,185/149
646,326801,Douglas Ellie,United States,09 Jan 2000,19,N/A,21,8,-,6329,16337,13/11,54/35
647,326961,Tikhonova Anastasia,Russia,29 Jan 1999,18,N/A,20,2,-,1900,12194,5/6,62/66
648,325781,Lahey Ashley,United States,08 Mar 1996,19,N/A,20,3,-,8299,71980,21/11,206/121
648,318004,Sawayanagi Riko,Japan,28 Jul 1995,24,N/A,20,3,-,4263,35997,8/13,105/81
650,326546,Guo Meiqi,China,11 Apr 1995,19,N/A,20,7,-,12102,74927,6/5,75/70
651,322008,Robinson Jada,United States,18 May 2000,20,N/A,20,8,-,4899,12383,10/13,43/41
652,319575,Simion Georgeta Oana,Romania,19 Dec 1997,23,N/A,20,8,-,,11872,/,27/45
653,323749,Steur Julyette,Germany,24 Jul 1992,23,N/A,20,12,-,5739,29804,14/8,123/91
654,317299,Routliffe Erin,New Zealand,18 Dec 1995,24,N/A,19,8,-,4204,59256,12/11,210/147
655,326468,Fong A Liauw Noa,The Netherlands,10 Mar 2001,19,N/A,19,6,-,4069,12206,14/13,55/41
656,320113,Yusupova Guzal,Uzbekistan,05 Feb 2003,21,N/A,19,1,-,812,4267,1/3,8/16
657,318737,Temin Marie,France,15 Jan 1998,26,N/A,19,4,-,3926,24989,7/7,58/60
658,319239,Ene Cristina,Romania,23 Mar 1985,23,desna,19,5,1999,79205,7225178,0/3,358/299
659,324465,Morvayova Viktoria,Slovak Republic,25 Jan 2001,18,N/A,19,6,-,14282,20526,4/8,19/18
659,327226,Kovapitukted Punnin,Thailand,13 Apr 1994,16,N/A,19,6,-,6208,79871,7/5,193/155
661,325807,Feng Shuo,China,09 May 1999,21,N/A,19,7,-,,14552,/,45/26
662,130713,Mattek-Sands Bethanie,United States,01 Oct 1996,34,N/A,18,8,-,2413,61798,10/8,189/132
663,327909,Cocciaretto Elisabetta,Italy,16 Dec 1998,18,N/A,18,6,-,6711,28991,15/12,76/58
664,317713,Wachaczyk Julia,Germany,13 Jan 2003,25,N/A,18,4,-,2128,2356,5/4,8/5
665,322536,Chen Kelly,United States,06 Jun 1996,20,N/A,18,4,-,1853,33268,5/5,101/54
666,320762,Stokke Melanie,Norway,04 Oct 1996,22,N/A,18,6,-,2030,20184,2/6,61/83
667,323769,Antonitsch Mira,Austria,26 Nov 2001,20,N/A,17,6,-,3072,9682,9/8,47/41
668,329199,Selekhmeteva Oksana,Russia,06 Jun 2002,16,N/A,17,4,-,2656,7529,8/8,36/31
669,323403,Jeong Sunam,Korea (South),11 May 2000,23,N/A,17,5,-,192,10454,1/1,43/38
670,318930,Jebawy Jasmin,Germany,18 Jan 1992,22,N/A,17,6,-,,234775,/,367/271
671,327294,Djakovic Mihaela,Serbia,04 Apr 1990,17,N/A,17,7,-,1220,64226,4/3,191/92
672,326113,Hodzic Mina,Germany,24 Aug 2000,17,N/A,17,9,-,3104,10835,10/10,44/46
673,323197,Golubovskaya Sofya,Russia,21 Jan 2001,19,N/A,17,2,-,7122,17700,19/9,51/26
674,314888,Vasylyeva Anastasiya,Ukraine,29 Jul 1998,27,N/A,17,4,-,,36681,/,108/69
675,314129,Kim Na-Ri,Korea (South),15 Sep 1994,29,N/A,17,5,-,3430,19262,8/10,91/102
676,324575,Yuan Chengyiyi,China,28 May 1995,18,N/A,17,5,-,3206,113625,7/9,179/154
677,325108,Orpana Oona,Finland,21 Jan 1995,18,N/A,17,5,-,9799,57092,5/7,133/150
677,321341,Thamchaiwat Bunyawi,Thailand,21 Nov 1997,20,N/A,17,5,-,2141,91894,5/5,130/87
679,320915,Parnaby Alana,Australia,22 Jul 1994,24,N/A,17,7,-,3030,99658,8/8,198/145
680,318201,Rosatello Camilla,Italy,13 Dec 1989,24,desna,17,8,2008,4042,216424,8/12,371/308
680,317387,Marchetti Giorgia,Italy,24 Nov 1987,24,N/A,17,8,-,2139,66716,9/7,198/218
682,322925,Gao Xinyu,China,06 Nov 1992,21,desna,16,5,2008,10480,621770,13/7,235/198
683,317058,Lee So-Ra,Korea (South),16 Jun 1996,24,N/A,16,7,-,3006,32241,8/11,129/112
683,312755,Palkina Ksenia,Kyrgyzstan,13 Mar 2000,29,N/A,16,7,-,3815,13830,7/13,47/45
685,314058,Kinard Tori,United States,02 Jan 1986,31,N/A,16,10,-,1555,60545,3/10,209/190
686,315128,Kania Paula,Poland,18 Feb 1999,26,N/A,16,3,-,2037,21269,5/7,60/44
687,319116,Tolibova Sadafmoh,Belarus,28 Jul 2000,23,N/A,16,3,-,4300,12106,15/15,65/54
688,324555,Sukhotina Anastasia,Russia,28 Mar 1998,19,N/A,16,4,-,2558,42752,2/8,130/59
689,310218,Devidze Salome,Georgia,08 Jan 1998,33,N/A,16,7,-,7010,27815,16/13,136/89
689,324632,Desai Zeel,India,17 Jul 1993,20,N/A,16,7,-,3525,84528,4/10,232/205
689,325867,Koshiishi Ayumi,Japan,30 Apr 1987,18,desna,16,7,2005,3462,259968,6/10,536/420
692,323440,Ghioroaie Ilona-Georgiana,Romania,16 Sep 2000,21,N/A,16,8,-,5955,14009,15/12,36/35
692,322263,Payola Julia,Spain,02 May 2000,21,N/A,16,8,-,880,1992,3/4,6/6
694,317585,Juhaszova Vivien,Slovak Republic,30 Nov 1997,25,N/A,16,9,-,11615,45661,26/6,129/62
695,311117,Evtimova Dia,Bulgaria,07 Mar 1997,32,N/A,16,9,-,4246,46228,12/12,155/162
696,325225,Ganz Fiona,Switzerland,05 Jul 1989,18,N/A,15,4,-,6888,90427,3/4,160/175
697,329154,Abe Hiromi,Japan,31 May 1997,19,N/A,15,3,-,1395,41050,6/3,116/114
697,320501,Kempen Magali,Belgium,16 Oct 1994,21,N/A,15,3,-,4254,93651,7/8,245/193
699,319098,Morderger Yana,Germany,03 Jul 1999,22,N/A,15,5,-,5796,22581,13/12,73/39
699,314183,Fomina Alena,Russia,01 Sep 1999,29,N/A,15,5,-,9895,45997,17/16,96/81
701,319663,Murta Ines,Portugal,22 Jan 2002,22,N/A,15,7,-,1300,1300,1/3,1/3
702,317834,Lee Pei-Chi,Chinese Taipei,28 Nov 2000,24,N/A,15,9,-,2888,31623,3/4,57/41
703,324543,Berberovic Nefisa,Bosnia-Herzegovina,03 Mar 1999,19,N/A,15,11,-,24176,122790,2/4,51/56
704,323694,Appleton Emily,Great Britain,27 Nov 1999,19,N/A,15,12,-,2741,19159,8/10,51/39
705,329421,Campos Guadiana Karen Ana,Mexico,14 Jul 1999,17,N/A,14,1,-,1956,41280,5/5,121/50
706,324789,Arango Emiliana,Colombia,15 Jul 1996,18,desna,14,7,-,294,90649,0/2,181/101
707,322931,Jiang Xinyu,China,26 Aug 1999,20,N/A,14,5,-,6032,23438,14/8,74/43
708,324144,Vishnevskaya Ekaterina,Russia,29 Jul 1993,19,N/A,14,6,-,187020,988259,1/1,139/131
709,323368,Craciun Georgia,Romania,12 Apr 2000,19,N/A,14,6,-,6270,12868,17/8,52/45
709,319641,Aksu Ayla,Turkey,08 May 1999,22,N/A,14,6,-,6315,18057,13/10,49/43
711,323055,Helgo Malene,Norway,26 Feb 2001,19,N/A,14,6,-,2337,3895,5/8,12/15
712,316713,Melichar Nicole,United States,22 Jun 1994,25,N/A,13,1,-,1478,5399,2/5,30/43
713,324308,Dartron Emeline,France,10 May 2000,19,N/A,13,2,-,2279,5123,7/10,19/32
714,324255,Ramirez Portillo Maria,Mexico,26 Apr 1992,20,N/A,13,5,-,2887,24902,9/8,76/64
715,326659,Allen Victoria,Great Britain,30 Oct 1996,18,N/A,13,3,-,3729,49755,5/13,177/163
716,318985,Newborn Rhiann,United States,16 Nov 1994,25,N/A,13,4,-,,93971,/,215/141
717,324056,Robbe Alice,France,09 Nov 1997,19,N/A,13,4,-,7044,31372,23/10,122/77
717,324170,Ka Andrea,N/A,31 Oct 1994,27,N/A,13,4,-,6971,93880,14/11,262/219
719,319707,Marinkovic Bojana,Serbia,03 Feb 1990,22,desna,13,5,-,54721,1609016,0/3,355/280
719,317883,Bernardi De Clothilde,France,08 Oct 2002,24,N/A,13,5,-,4377,7078,0/5,14/14
721,322478,Rame Alice,France,19 Feb 1997,21,N/A,13,6,-,3984,30085,1/13,38/107
722,317090,Curovic Tamara,Serbia,17 Apr 2002,24,N/A,13,7,-,,4656,/,30/20
723,312962,Tatishvili Anna,United States,07 Jul 1998,29,N/A,12,3,-,554,19076,0/2,90/63
724,328120,Zheng Qinwen,China,04 Jun 1993,16,N/A,12,7,-,4787,84387,9/15,313/284
725,320842,Ng Yau Kwan,"Hong-Kong, China",14 Dec 1998,22,N/A,12,12,-,845,18061,4/2,50/21
726,326198,Pellicano Helene,Malta,12 Jun 1993,17,N/A,12,2,-,3857,28807,12/10,79/129
727,321145,Graham Alexa,United States,03 Jan 1990,20,desna,12,3,-,1224,194296,1/4,173/199
727,316655,Stamatova Julia,Bulgaria,01 Mar 1996,26,N/A,12,3,-,4509,18991,10/8,63/50
729,325592,Bayerlova Michaela,Czech Republic,06 Nov 2000,20,N/A,12,3,-,7868,12182,16/7,31/15
730,316488,Wang Ni Dan,China,07 Jun 2001,26,N/A,12,4,-,886,3370,2/3,5/12
731,313772,Patterson Tammi,Australia,30 May 1998,29,N/A,12,4,-,5624,29774,12/15,95/101
731,321309,Tomanova Nikola,Czech Republic,14 Feb 1991,23,N/A,12,4,-,3613,42081,10/11,165/128
731,325334,Dema Viktoriia,Ukraine,24 May 1993,18,N/A,12,4,-,1361,30181,3/5,91/148
731,327910,Rossi Federica,Italy,08 Oct 2001,18,N/A,12,4,-,1713,5202,7/6,25/19
735,324111,Malmqvist Linnea,Sweden,10 Feb 1993,21,N/A,12,5,-,1390,70366,2/6,260/166
736,313553,Damaschin Alexandra,Romania,01 Jun 2001,28,N/A,12,6,-,1322,7282,5/2,10/16
736,316474,Gomez Atucha Ainhoa,Spain,09 Jun 1993,26,N/A,12,6,-,1906,18244,5/9,46/69
736,327573,Stearns Peyton,United States,09 Feb 2000,17,N/A,12,6,-,2060,11686,3/5,47/46
739,316470,Kurata Nathaly,Brazil,16 Jul 2001,26,N/A,12,7,-,2542,9194,7/7,28/21
740,325321,Vagramov Alexandra,Canada,16 May 2002,18,N/A,11,4,-,368,9147,1/1,37/29
741,319384,Leduc Catherine,Canada,16 Oct 2000,26,N/A,11,6,-,3346,7824,6/10,25/31
742,323373,Prisacariu Andreea,Romania,11 Dec 1993,19,N/A,11,2,-,2209,36098,7/10,117/113
743,326512,Garland Joanna,Chinese Taipei,07 Jan 1999,17,N/A,11,2,-,3108,11548,9/12,53/76
744,326102,Cheong Naomi,United States,09 Sep 1997,17,N/A,11,3,-,4839,26111,12/7,132/65
745,325758,Giavara Haley,United States,05 Dec 2003,18,N/A,11,4,-,893,1979,4/2,6/6
746,316920,Bavisetti Sowjanya,India,05 Nov 2002,25,N/A,11,7,-,1610,3008,3/4,11/11
747,324303,Bihan Le Kelia,France,07 Jan 2002,20,N/A,11,2,-,257,2056,0/2,3/13
747,322219,Pislak Manca,Slovenia,09 Jan 1999,21,N/A,11,2,-,3768,23935,6/10,74/58
747,328426,Wei Sijia,China,08 Jan 1994,15,desna,11,2,-,4614,38635,15/9,140/113
750,327364,Kanapatskaya Viktoriya,Belarus,21 Jun 1995,16,N/A,11,3,-,7024,96029,10/13,150/179
750,325700,Vecic Alexandra,Germany,15 Jul 1999,17,N/A,11,3,-,2295,14227,5/9,60/65
750,323089,Tahan Maya,Israel,07 Mar 1997,20,N/A,11,3,-,4171,66682,11/11,226/140
750,318789,Roemer Charlotte,Ecuador,20 Nov 1997,25,N/A,11,3,-,2574,6208,6/7,27/29
754,319578,Okuno Ayaka,Japan,12 May 1992,24,N/A,11,4,-,2953,39758,6/7,150/155
755,324970,Lene Emma,France,22 Jun 1995,19,N/A,11,5,-,1151,7746,1/5,38/47
756,319097,Morderger Tayisiya,Germany,20 Dec 2002,22,N/A,11,6,-,1328,7364,2/9,47/52
756,320671,Matsumoto Ari,Japan,23 Jul 2002,21,N/A,11,6,-,59944,60080,1/2,1/4
758,318019,Spigarelli Martina,Italy,27 Mar 2001,27,N/A,11,6,-,3200,3861,4/10,13/13
759,320134,Taylor Ella,Great Britain,11 Jun 1999,24,N/A,11,7,-,1447,22609,2/6,44/70
760,327032,Djoubri Salma,France,31 Aug 1995,16,N/A,11,7,-,2921,41234,1/14,76/234
761,329090,Janicijevic Selena,France,08 Feb 2002,16,N/A,10,1,-,809,3515,3/2,5/9
762,328716,Ivanov Valentina,New Zealand,15 Apr 1996,18,N/A,10,1,-,7485,53041,13/13,95/112
763,324559,Liu Yanni,China,10 Jul 2002,20,N/A,10,6,-,2624,7576,9/4,24/13
763,317678,Codino Fiona,France,07 Jul 2001,23,N/A,10,6,-,3881,5879,8/5,18/13
765,328727,Bui Jada,Canada,12 Aug 1992,17,N/A,10,3,-,,117979,/,166/109
766,321742,Zhang Ying,China,25 Feb 1988,23,N/A,10,6,-,965,6750,3/2,29/26
767,326929,Sawangkaew Mananchaya,Thailand,27 Apr 1996,16,N/A,10,1,-,4306,29507,9/11,106/114
768,326053,Dzik Rogozinska Stefania,Poland,24 Oct 2003,17,N/A,10,2,-,189,973,0/1,2/3
768,314764,Hendler Tamaryn,Belgium,19 Dec 1995,26,N/A,10,2,-,,15545,/,56/48
770,311893,Desperrier Gaelle,France,24 Aug 1996,31,N/A,10,2,-,,48363,/,144/109
770,321172,Saigo Yukina,Japan,27 Jun 1994,23,N/A,10,2,-,1416,35421,2/9,89/108
770,328767,Olmo Del Mintegi Ane,Spain,27 Oct 1995,15,N/A,10,2,-,5884,18087,12/5,44/35
773,319645,Harris Samantha,Australia,18 Dec 1997,23,N/A,10,3,-,2384,31803,5/7,107/116
773,318838,Campiz Giangreco Camila,Paraguay,18 Aug 2001,22,N/A,10,3,-,739,6838,3/2,20/27
775,317093,Husaric Anita,Bosnia-Herzegovina,06 Feb 2001,24,N/A,10,4,-,6367,18635,14/8,75/43
775,320057,Babic Vladica,Montenegro,10 Feb 1995,23,N/A,10,4,-,1708,76296,0/7,233/134
775,320858,Pribylova Anna,Russia,16 Dec 1994,21,N/A,10,4,-,6185,40151,0/7,44/90
778,325687,Sleeth Layne,Canada,17 Jul 1989,17,N/A,10,5,-,1679,20310,8/9,79/139
779,325615,Kubareva Anna,Belarus,17 Jan 2000,18,N/A,10,6,-,1510,9561,5/4,41/45
780,318460,Pantuckova Gabriela,Czech Republic,19 May 2000,24,N/A,10,9,-,1025,11547,1/5,33/47
781,317315,Hoek Der Van Rosalie,The Netherlands,21 Apr 1996,24,N/A,9,4,-,4866,15687,8/8,49/30
781,313983,Easwaramurthi Ashmitha,India,26 Jul 1999,29,N/A,9,4,-,,24984,/,88/55
781,322566,Sawasdee Watsachol,Thailand,14 Apr 1990,19,N/A,9,4,-,4502,72744,2/3,162/122
781,324322,Ren Jia,China,20 Aug 1999,19,N/A,9,4,-,2281,16285,4/5,44/44
781,323451,Hartono Arianne,The Netherlands,21 Aug 1998,23,N/A,9,4,-,4720,7774,15/11,31/20
786,322248,Gordon Michaela,United States,01 Jun 1989,19,N/A,9,5,-,,138760,/,443/291
787,312690,Rompies Jessy,Indonesia,17 Nov 1989,29,N/A,9,3,-,1598,77903,4/6,140/134
787,324860,Hoedt Merel,The Netherlands,05 Feb 1998,19,N/A,9,3,-,918,60980,3/3,86/70
789,326780,Matsuda Misaki,Japan,26 Feb 2000,20,N/A,9,4,-,3084,12905,5/9,26/40
789,312097,Remondina Anna,Italy,03 Oct 1997,30,N/A,9,4,-,,22819,/,69/40
789,315543,Takahata Kotomi,Japan,26 May 1995,29,N/A,9,4,-,3488,28441,8/8,86/84
789,322452,Tomic Sara,Australia,15 May 1999,21,N/A,9,4,-,4925,29538,7/5,84/49
789,323931,Detkovskaya Dariya,Kazakhstan,27 Mar 1999,19,N/A,9,4,-,2094,15392,6/8,85/73
789,321033,Arbuthnott Emily,Great Britain,17 Apr 1983,21,N/A,9,4,-,2986,55967,4/11,192/125
789,319991,Chen Jiahui,China,03 Jul 1992,24,N/A,9,4,-,0,84242,0/1,288/215
796,321236,Pedretti Grana Thaisa,Brazil,29 Sep 1995,20,N/A,9,5,-,152,78049,0/0,194/131
796,323379,Rushiti Arlinda,Switzerland,08 Jul 1999,20,N/A,9,5,-,310,2634,2/1,23/13
796,70422,Gaspar Ioana,Romania,15 May 2001,36,N/A,9,5,-,1522,17021,5/5,31/32
799,314386,Barritza Karen,Denmark,17 Oct 2000,26,N/A,8,3,-,3641,5400,18/10,28/21
799,322043,Kingsley Raveena,United States,25 Feb 2000,20,N/A,8,3,-,2374,3826,3/9,6/17
799,319373,Matteucci Alice,Italy,14 Apr 1997,23,N/A,8,3,-,718,20324,1/2,72/79
799,326678,Kessler Mccartney,United States,06 May 1997,19,N/A,8,3,-,1788,19970,7/8,88/76
799,325188,Mansouri Yasmine,France,11 Jun 1990,18,N/A,8,3,-,1235,31021,5/4,106/66
799,326049,Saigo Rina,Japan,08 Dec 1992,18,N/A,8,3,-,6885,78477,15/9,258/210
805,328506,Seah Charmaine,Singapore,15 Nov 1993,19,N/A,8,4,-,1275,48388,1/5,170/149
805,321340,Momkoonthod Tamachan,Thailand,21 May 2000,22,N/A,8,4,-,2769,7640,4/7,29/28
805,321563,Urzhumova Valeriya,Russia,18 Jul 1990,22,N/A,8,4,-,2509,143376,1/8,343/245
805,316396,Heise Priscilla,France,24 Feb 1993,29,desna,8,4,-,56943,180393,0/2,131/83
805,316299,Lukacs Vanda,Hungary,24 Feb 1994,26,N/A,8,4,-,2327,70392,4/9,240/185
810,318466,Klasen Anna,Germany,22 Sep 1991,25,desna,8,6,2006,28210,740017,0/0,329/188
810,325861,Wu Mei,China,20 Feb 1992,19,desna,8,6,-,1387,306246,6/6,256/221
812,313094,Giovine Claudia,Italy,08 Oct 1992,28,leva,8,8,2009,,332312,/,266/197
813,316957,Santamaria Sabrina,United States,15 Dec 1980,26,desna,7,5,1999,,1472403,/,427/448
814,316109,Cadar Elena-Teodora,Romania,07 Jan 1999,25,N/A,7,3,-,1254,5005,5/5,16/22
814,314050,Mitu Andreea,Romania,12 Jul 1993,27,N/A,7,3,-,1119,13080,2/1,39/47
814,314192,Burnett Nastassja,Italy,10 Feb 1996,27,N/A,7,3,-,1477,16546,4/5,74/70
814,314757,Koehler Joao Maria,Portugal,17 Jan 1995,26,N/A,7,3,-,972,21046,2/4,86/93
814,190125,Stevenson Alexandra,United States,11 Aug 2001,38,N/A,7,3,-,7652,11635,3/3,21/19
814,321526,Cappelletti Monica,Italy,02 Mar 2001,20,N/A,7,3,-,869,1883,2/3,4/8
814,320967,Nishimoto Megumi,Japan,22 Nov 2000,25,N/A,7,3,-,,2632,/,4/11
814,319221,Jeong Won Yeong,Korea (South),21 Apr 2000,23,N/A,7,3,-,5814,23204,13/11,65/51
814,319144,Chamarthi Sai,India,06 Jun 1991,24,N/A,7,3,-,3890,14121,7/13,71/85
814,325840,Halemai Mylene,France,03 Sep 1995,17,N/A,7,3,-,3893,33563,14/5,129/104
814,325754,Black Hurricane,United States,02 Oct 1994,18,N/A,7,3,-,525,11739,1/2,52/43
814,325931,Piccinetti Lisa,Italy,13 Apr 1991,18,N/A,7,3,-,2587,60717,4/9,81/259
814,324948,Jorge Francisca,Portugal,10 Nov 1999,19,N/A,7,3,-,1479,6953,5/8,27/34
827,314253,Kissell Joelle,United States,04 Jun 1991,28,N/A,7,3,-,3687,28744,10/9,107/114
828,319028,Tholey Lea,France,14 Mar 1989,23,N/A,7,4,-,4905,118411,15/11,360/226
829,318435,Eidukonyte Joana,Lithuania,03 Oct 1999,24,N/A,7,4,-,3202,9477,7/7,63/58
830,315051,Riley Alexandra,United States,01 Mar 1987,28,N/A,7,7,-,1146,230927,4/4,474/263
831,324177,Yadav Mihika,India,21 Oct 1993,19,N/A,6,6,-,4873,8688,7/15,30/65
832,316548,Horackova Gabriela,Czech Republic,23 Nov 1994,28,N/A,6,3,-,1129,22986,3/4,100/80
833,311859,Ekshibarova Vlada,Israel,08 Apr 1995,30,N/A,6,6,-,3173,5045,13/11,25/25
833,322569,Luikham Jennifer,India,03 May 2000,19,N/A,6,6,-,748,4249,1/4,23/25
835,312838,Schaefer Anne,Germany,02 Nov 1999,32,N/A,5,4,-,3925,17715,7/11,48/39
836,317296,Uberoi Nikita,United States,29 Jul 2001,25,N/A,5,5,-,1366,2316,1/5,1/10
837,320692,Jovanovic Masa,Australia,22 Feb 1988,24,N/A,5,3,-,542,90988,2/2,217/153
838,320585,Osborne Alexandra,Australia,18 Apr 1992,24,desna,5,5,-,,424199,/,235/208
838,324753,Nagata Anri,Japan,29 Apr 1994,19,N/A,5,5,-,1387,8716,2/7,39/79
838,327227,Ureke Anna,Russia,19 Jan 1994,19,N/A,5,5,-,1823,24376,4/5,82/72
838,328585,Lim Lynelle,Singapore,09 Aug 1996,17,N/A,5,5,-,856,2588,0/4,5/16
842,312378,Veselinovic Ana,Montenegro,06 Apr 1999,31,N/A,4,4,-,408,5202,1/2,15/28
843,315113,Eguchi Misa,Japan,07 Aug 2000,27,N/A,4,4,-,378,5899,0/2,9/28
844,318461,Svatikova Laura,Slovak Republic,01 Jun 2000,25,N/A,4,3,-,4791,9463,3/8,23/28
845,316278,Nguyen Van Chanelle,United States,12 Nov 2001,25,N/A,4,4,-,2055,7319,2/9,18/57
845,322727,Teixeira Ines,Portugal,06 Aug 2001,22,N/A,4,4,-,1483,3077,5/6,9/18
845,324286,Mane Snehal,India,05 Oct 1998,20,N/A,4,4,-,1787,7088,7/7,52/42
845,324293,Ivaldi Benedetta,Italy,12 Jul 1981,18,desna,4,4,2000,125362,2915929,0/3,285/262
845,324410,Shalimova Ekaterina,Russia,17 Dec 1984,19,N/A,4,4,-,663,19899,0/6,16/136
845,326656,Bozicevic Isabella,Australia,12 Nov 1996,17,N/A,4,4,-,1377,5011,1/6,15/63
845,326489,Kawamura Mana,Japan,03 Feb 1999,17,N/A,4,4,-,,3269,/,9/37
845,326159,Yang Ziyi,China,01 Nov 1997,20,N/A,4,4,-,1863,12566,2/8,44/85
853,190771,Spears Abigail,United States,03 Jan 1996,37,N/A,3,3,-,,22937,/,100/130
854,312180,Eto Naoko,Japan,26 Feb 2000,34,N/A,3,3,-,184,9922,0/1,54/34
854,323146,Wasserson Jane,United States,05 Aug 1995,22,N/A,3,3,-,,8981,/,27/55
856,323098,Santis De Elena,Italy,05 Jan 1998,20,N/A,3,3,-,,18611,/,55/47
856,322740,Rosa Da Alexandre Karolayne,Brazil,14 Jan 1993,21,N/A,3,3,-,1107,31284,3/4,102/118
856,322744,Sheng Yuqi,China,04 Jun 1997,23,N/A,3,3,-,2204,28793,5/6,105/118
856,323176,Manjon Arias Paula,Spain,11 Oct 1995,19,N/A,3,3,-,4337,42346,12/5,145/112
856,320814,Silakul Chanikarn,Thailand,02 Sep 1997,23,N/A,3,3,-,1839,29079,3/6,105/110
856,321239,Wei Zhanlan,China,10 Oct 1990,21,N/A,3,3,-,3192,119352,13/11,292/299
856,319244,Talcott Shelby,United States,03 Mar 1991,26,N/A,3,3,-,1479,47178,3/6,117/139
856,319968,Armitano Mathilde,France,12 Feb 1996,22,N/A,3,3,-,1951,7402,1/7,24/48
856,320031,Stadler Nina,Switzerland,31 Oct 1995,23,N/A,3,3,-,,9416,/,21/32
856,320246,Hofer Verena,Italy,10 Apr 2002,21,N/A,3,3,-,1481,6553,2/5,21/31
856,313976,Lazareva Margarita,Russia,15 Feb 2002,28,N/A,3,3,-,806,1195,0/4,2/13
856,316322,Januskova Petra,Canada,09 Jan 2002,28,N/A,3,3,-,1409,5610,3/6,12/26
856,318790,Santos Filipa Ana,Portugal,17 Jun 2000,23,N/A,3,3,-,1779,6238,5/5,21/17
856,318075,Costa Vale Joana,Portugal,31 Aug 2000,23,N/A,3,3,-,554,1652,0/2,4/23
856,326488,Sato Himari,Japan,29 Feb 2000,17,N/A,3,3,-,1338,2861,6/8,19/20
856,326056,Compson Chloe,Great Britain,26 Mar 2000,17,N/A,3,3,-,,5833,/,14/27
856,325908,Yuldasheva Sevil,Uzbekistan,02 Mar 1997,17,N/A,3,3,-,3167,10457,3/15,42/95
856,325750,Falkowska Weronika,Poland,05 Aug 2000,19,N/A,3,3,-,657,3722,0/3,14/15
856,324714,Rachdanone Prarisa,Thailand,08 Jul 2001,18,N/A,3,3,-,930,2844,0/3,1/16
856,325163,Kim Cherry,Korea (South),27 Mar 2000,19,N/A,3,3,-,3335,4737,0/11,1/15
856,325176,Megias Molina Carlota,Spain,03 Apr 2001,19,N/A,3,3,-,735,2184,3/2,6/16
856,325612,Lanca Sara,Portugal,30 Jan 2004,22,N/A,3,3,-,1614,1614,2/6,2/7
856,325539,Mossmer Nicole,United States,07 Mar 2001,18,N/A,3,3,-,2285,3778,8/11,18/23
856,327220,Koklina Elizaveta,Russia,04 Dec 1998,17,N/A,3,3,-,2110,2698,1/10,1/15
856,327035,Stara Lenka,Slovak Republic,18 Aug 2001,19,N/A,3,3,-,998,1426,0/4,0/6
